Row ID;Order ID;Order Date;Ship Date;Customer ID;Customer First Name;Customer Last Name;Customer Phone;Customer Segment;Geo PostalCode;Geo City;Geo State;Geo Country;Geo Region;Geo Market;Product_ID;Category;SubCategory;Product Name;Product Supplier;Sales;Quantity;Discount;Profit;Shipping Cost;Channel;Device_Type;Payment_Method;Session_ID
432;WEB-432;13.07.2023;23.04.2023;AS-1004587;Aaron;Smayling;1-841-357-2499;Corporate;;Chimoio;Manica;Mozambique;Eastern Africa;Africa;TEC-AC-4179;Technology;Accessories;Enermax Numeric Keypad, Erganomic;GlobalSupply Ltd;$15,18;1;0;$0,30;1,91;Online;Mobile;Card;S-000432
874;WEB-874;27.12.2023;15.11.2023;AS-10045117;Aaron;Smayling;1-841-357-2499;Corporate;;Cape Town;Western Cape;South Africa;Southern Africa;Africa;TEC-PH-3152;Technology;Phones;Apple Speaker Phone, VoIP;CrossBorder Supply;$408,36;2;0;$24,48;32,13;Online;Tablet;Wallet;S-000874
875;WEB-875;15.02.2024;17.11.2023;AS-10045117;Aaron;Smayling;1-841-357-2499;Corporate;;Cape Town;Western Cape;South Africa;Southern Africa;Africa;OFF-ST-4285;Office Supplies;Storage;Fellowes Shelving, Wire Frame;TransGlobal Partners;$137,34;1;0;$0,00;10,12;Online;Tablet;Card;S-000875
876;WEB-876;20.01.2024;19.11.2023;AS-10045117;Aaron;Smayling;1-841-357-2499;Corporate;;Cape Town;Western Cape;South Africa;Southern Africa;Africa;OFF-BI-6400;Office Supplies;Binders;Wilson Jones Hole Reinforcements, Recycled;SmartLogistics Ltd;$15,33;1;0;$0,75;1,09;Online;Tablet;PayPal;S-000876
877;WEB-877;26.11.2023;18.11.2023;AS-10045117;Aaron;Smayling;1-841-357-2499;Corporate;;Cape Town;Western Cape;South Africa;Southern Africa;Africa;OFF-FA-3062;Office Supplies;Fasteners;Advantus Rubber Bands, Bulk Pack;CrossBorder Supply;$106,32;2;0;$34,02;5,18;Online;Desktop;PayPal;S-000877
878;WEB-878;29.01.2024;16.11.2023;AS-10045117;Aaron;Smayling;1-841-357-2499;Corporate;;Cape Town;Western Cape;South Africa;Southern Africa;Africa;OFF-ST-6252;Office Supplies;Storage;Tenex Folders, Wire Frame;EuroImport GmbH;$492,96;4;0;$29,52;14,44;Online;Desktop;Wallet;S-000878
879;WEB-879;11.02.2024;15.11.2023;AS-10045117;Aaron;Smayling;1-841-357-2499;Corporate;;Cape Town;Western Cape;South Africa;Southern Africa;Africa;OFF-LA-4693;Office Supplies;Labels;Hon Shipping Labels, 5000 Label Set;SkyWay Trading;$60,42;2;0;$9,66;4,75;Online;Desktop;PayPal;S-000879
1301;WEB-1301;02.09.2024;05.06.2024;AH-1003069;Aaron;Hawkins;1-917-406-1401;Corporate;;Nakuru;Rift Valley;Kenya;Eastern Africa;Africa;OFF-BI-6399;Office Supplies;Binders;Wilson Jones Hole Reinforcements, Economy;CrossBorder Supply;$6,72;1;0;$2,82;1,36;Online;Mobile;PayPal;S-001301
1302;WEB-1302;19.07.2024;09.06.2024;AH-1003069;Aaron;Hawkins;1-917-406-1401;Corporate;;Nakuru;Rift Valley;Kenya;Eastern Africa;Africa;OFF-AP-4502;Office Supplies;Appliances;Hamilton Beach Refrigerator, Red;BlueOcean Supply;$46,92;2;0;$15,90;1,95;Online;Tablet;PayPal;S-001302
2418;WEB-2418;07.02.2025;14.11.2024;AB-1522;Aaron;Bergman;1-237-970-5378;Consumer;;Yaounde;Centre;Cameroon;Central Africa;Africa;TEC-CO-3707;Technology;Copiers;Canon Wireless Fax, Color;UrbanGoods Co;$120,84;4;0;$19,32;9,31;Online;Mobile;PayPal;S-002418
2419;WEB-2419;12.12.2024;12.11.2024;AB-1522;Aaron;Bergman;1-237-970-5378;Consumer;;Yaounde;Centre;Cameroon;Central Africa;Africa;OFF-AP-3578;Office Supplies;Appliances;Breville Stove, Black;GlobalSupply Ltd;$175,68;4;0;$64,92;7,71;Online;Mobile;Card;S-002419
2567;WEB-2567;27.04.2024;21.01.2024;AH-1003095;Aaron;Hawkins;1-917-406-1401;Corporate;;Port Harcourt;Rivers;Nigeria;Western Africa;Africa;FUR-FU-4065;Furniture;Furnishings;Eldon Frame, Duo Pack;WorldConnect Trade;$3,24;1;0,7;-$4,77;1,23;Online;Desktop;PayPal;S-002567
2568;WEB-2568;09.03.2024;24.01.2024;AH-1003095;Aaron;Hawkins;1-917-406-1401;Corporate;;Port Harcourt;Rivers;Nigeria;Western Africa;Africa;FUR-BO-3642;Furniture;Bookcases;Bush Library with Doors, Traditional;SmartLogistics Ltd;$410,62;8;0,7;-$424,34;2,5;Online;Tablet;PayPal;S-002568
2569;WEB-2569;21.02.2024;21.01.2024;AH-1003095;Aaron;Hawkins;1-917-406-1401;Corporate;;Port Harcourt;Rivers;Nigeria;Western Africa;Africa;FUR-CH-5434;Furniture;Chairs;Office Star Bag Chairs, Black;Pacific Traders;$9,79;4;0,7;-$7,61;1,81;Online;Mobile;Wallet;S-002569
2570;WEB-2570;24.02.2024;26.01.2024;AH-1003095;Aaron;Hawkins;1-917-406-1401;Corporate;;Port Harcourt;Rivers;Nigeria;Western Africa;Africa;OFF-ST-6230;Office Supplies;Storage;Tenex Box, Single Width;PrimeSource Ltd;$493,45;4;0,7;-$838,91;37,52;Online;Tablet;PayPal;S-002570
3061;WEB-3061;18.12.2024;17.09.2024;AH-1003095;Aaron;Hawkins;1-917-406-1401;Corporate;;Kano;Kano;Nigeria;Western Africa;Africa;TEC-CO-4776;Technology;Copiers;HP Fax Machine, Laser;WorldConnect Trade;$284,17;2;0,7;-$388,37;6,11;Online;Mobile;Card;S-003061
3633;WEB-3633;02.05.2023;10.04.2023;AB-15146;Aaron;Bergman;1-237-970-5378;Consumer;;Mufulira;Copperbelt;Zambia;Eastern Africa;Africa;FUR-CH-5407;Furniture;Chairs;Novimex Steel Folding Chair, Black;SkyWay Trading;$47,97;1;0;$8,61;1,99;Online;Mobile;PayPal;S-003633
3634;WEB-3634;19.06.2023;08.04.2023;AB-15146;Aaron;Bergman;1-237-970-5378;Consumer;;Mufulira;Copperbelt;Zambia;Eastern Africa;Africa;TEC-PH-3805;Technology;Phones;Cisco Smart Phone, Cordless;SilkRoad Exports;$28,89;1;0;$2,31;1,29;Online;Tablet;Card;S-003634
3635;WEB-3635;22.04.2023;11.04.2023;AB-15146;Aaron;Bergman;1-237-970-5378;Consumer;;Mufulira;Copperbelt;Zambia;Eastern Africa;Africa;OFF-ST-6274;Office Supplies;Storage;Tenex Shelving, Single Width;UrbanGoods Co;$504,00;4;0;$216,72;43,49;Online;Desktop;Wallet;S-003635
3636;WEB-3636;23.06.2023;05.04.2023;AB-15146;Aaron;Bergman;1-237-970-5378;Consumer;;Mufulira;Copperbelt;Zambia;Eastern Africa;Africa;TEC-AC-4163;Technology;Accessories;Enermax Memory Card, Bluetooth;WestLine Imports;$1 247,40;4;0;$74,76;81,6;Online;Mobile;PayPal;S-003636
3685;WEB-3685;01.02.2023;04.01.2023;AB-1001558;Aaron;Bergman;1-237-970-5378;Consumer;;Kolhapur;Maharashtra;India;Southern Asia;Asia Pacific;FUR-TA-3760;Furniture;Tables;Chromcraft Computer Table, Fully Assembled;EuroImport GmbH;$1 039,32;4;0;$301,32;59,62;Online;Mobile;Card;S-003685
3686;WEB-3686;09.04.2023;10.01.2023;AB-1001558;Aaron;Bergman;1-237-970-5378;Consumer;;Kolhapur;Maharashtra;India;Southern Asia;Asia Pacific;OFF-BI-3734;Office Supplies;Binders;Cardinal Hole Reinforcements, Durable;Universal Trade Co;$142,68;2;0;$45,60;9,76;Online;Tablet;Wallet;S-003686
4258;WEB-4258;25.11.2024;19.11.2024;AH-10030102;Aaron;Hawkins;1-917-406-1401;Corporate;;Manila;National Capital;Philippines;Southeastern Asia;Asia Pacific;FUR-CH-5794;Furniture;Chairs;SAFCO Rocking Chair, Black;GlobalSupply Ltd;$205,74;2;0,25;-$5,52;8,92;Online;Desktop;Card;S-004258
4259;WEB-4259;15.02.2025;18.11.2024;AH-10030102;Aaron;Hawkins;1-917-406-1401;Corporate;;Manila;National Capital;Philippines;Southeastern Asia;Asia Pacific;OFF-ST-4285;Office Supplies;Storage;Fellowes Shelving, Wire Frame;TransGlobal Partners;$7,85;2;0,45;-$0,61;1,66;Online;Tablet;Wallet;S-004259
4260;WEB-4260;21.11.2024;11.11.2024;AH-10030102;Aaron;Hawkins;1-917-406-1401;Corporate;;Manila;National Capital;Philippines;Southeastern Asia;Asia Pacific;OFF-LA-4543;Office Supplies;Labels;Harbour Creations Removable Labels, Laser Printer Compatible;Atlantic Logistics;$378,90;3;0,35;$69,93;23,9;Online;Mobile;PayPal;S-004260
4412;WEB-4412;07.12.2023;29.08.2023;AS-1004559;Aaron;Smayling;1-841-357-2499;Corporate;;Probolinggo;Jawa Timur;Indonesia;Southeastern Asia;Asia Pacific;OFF-AP-4733;Office Supplies;Appliances;Hoover Microwave, White;TransGlobal Partners;$670,14;2;0,27;-$128,52;70,45;Online;Tablet;Card;S-004412
5331;WEB-5331;01.02.2023;06.12.2022;AH-1003059;Aaron;Hawkins;1-917-406-1401;Corporate;;Jakarta;Jakarta;Indonesia;Southeastern Asia;Asia Pacific;OFF-FA-6196;Office Supplies;Fasteners;Stockwell Push Pins, Metal;SkyWay Trading;$492,42;5;0,27;$13,47;34,07;Online;Tablet;Card;S-005331
5429;WEB-5429;17.06.2022;03.06.2022;AS-100457;Aaron;Smayling;1-841-357-2499;Corporate;;Coffs Harbour;New South Wales;Australia;Oceania;Asia Pacific;OFF-AR-6125;Office Supplies;Art;Stanley Sketch Pad, Blue;EuroImport GmbH;$883,71;6;0,1;$353,43;40,99;Online;Tablet;Wallet;S-005429
5536;WEB-5536;08.02.2024;28.12.2023;AB-10015130;Aaron;Bergman;1-237-970-5378;Consumer;;Bangkok;Bangkok;Thailand;Southeastern Asia;Asia Pacific;OFF-EN-3669;Office Supplies;Envelopes;Cameo Manila Envelope, Recycled;GlobalSupply Ltd;$23,31;4;0,17;-$4,29;1,54;Online;Mobile;Wallet;S-005536
5537;WEB-5537;04.03.2024;29.12.2023;AB-10015130;Aaron;Bergman;1-237-970-5378;Consumer;;Bangkok;Bangkok;Thailand;Southeastern Asia;Asia Pacific;OFF-AR-3539;Office Supplies;Art;Boston Markers, Fluorescent;WestLine Imports;$402,65;2;0,37;$12,77;29,09;Online;Mobile;Card;S-005537
5538;WEB-5538;05.03.2024;24.12.2023;AB-10015130;Aaron;Bergman;1-237-970-5378;Consumer;;Bangkok;Bangkok;Thailand;Southeastern Asia;Asia Pacific;OFF-AR-5913;Office Supplies;Art;Sanford Highlighters, Water Color;Pacific Traders;$561,54;7;0,27;$0,00;34,26;Online;Tablet;Wallet;S-005538
5539;WEB-5539;18.01.2024;25.12.2023;AB-10015130;Aaron;Bergman;1-237-970-5378;Consumer;;Bangkok;Bangkok;Thailand;Southeastern Asia;Asia Pacific;TEC-PH-3139;Technology;Phones;Apple Office Telephone, Cordless;SmartLogistics Ltd;$241,28;2;0,37;-$68,98;18,17;Online;Mobile;Card;S-005539
5540;WEB-5540;22.01.2024;26.12.2023;AB-10015130;Aaron;Bergman;1-237-970-5378;Consumer;;Bangkok;Bangkok;Thailand;Southeastern Asia;Asia Pacific;FUR-BO-5779;Furniture;Bookcases;Safco Floating Shelf Set, Pine;PrimeSource Ltd;$123,50;2;0,17;$20,78;7,79;Online;Desktop;Card;S-005540
5541;WEB-5541;31.12.2023;29.12.2023;AB-10015130;Aaron;Bergman;1-237-970-5378;Consumer;;Bangkok;Bangkok;Thailand;Southeastern Asia;Asia Pacific;OFF-FA-3069;Office Supplies;Fasteners;Advantus Staples, Assorted Sizes;EuroImport GmbH;$200,94;5;0,17;$4,74;12,67;Online;Desktop;PayPal;S-005541
6038;WEB-6038;29.04.2025;13.02.2025;AB-10015144;Aaron;Bergman;1-237-970-5378;Consumer;;Da Nang;Dà Nang;Vietnam;Southeastern Asia;Asia Pacific;FUR-CH-5367;Furniture;Chairs;Novimex Bag Chairs, Black;NordicSupply AB;$602,38;4;0,37;$114,70;61,3;Online;Desktop;Wallet;S-006038
6039;WEB-6039;17.04.2025;09.02.2025;AB-10015144;Aaron;Bergman;1-237-970-5378;Consumer;;Da Nang;Dà Nang;Vietnam;Southeastern Asia;Asia Pacific;TEC-CO-3703;Technology;Copiers;Canon Personal Copier, Color;AsiaTrade Group;$123,65;2;0,17;-$1,51;9,99;Online;Desktop;PayPal;S-006039
6040;WEB-6040;12.02.2025;13.02.2025;AB-10015144;Aaron;Bergman;1-237-970-5378;Consumer;;Da Nang;Dà Nang;Vietnam;Southeastern Asia;Asia Pacific;OFF-EN-4443;Office Supplies;Envelopes;GlobeWeis Mailers, Recycled;AsiaTrade Group;$185,60;2;0,37;-$2,98;9,22;Online;Mobile;Wallet;S-006040
6897;WEB-6897;19.04.2024;22.03.2024;AH-1003058;Aaron;Hawkins;1-917-406-1401;Corporate;;Warangal;Telangana;India;Southern Asia;Asia Pacific;OFF-EN-4448;Office Supplies;Envelopes;GlobeWeis Manila Envelope, Security-Tint;CrossBorder Supply;$360,24;2;0;$10,80;38,14;Online;Mobile;Card;S-006897
7009;WEB-7009;05.08.2024;21.06.2024;AB-100157;Aaron;Bergman;1-237-970-5378;Consumer;;Mackay;Queensland;Australia;Oceania;Asia Pacific;OFF-ST-4061;Office Supplies;Storage;Eldon Folders, Industrial;BlueOcean Supply;$152,50;2;0,1;$16,90;22,12;Online;Mobile;Wallet;S-007009
7010;WEB-7010;29.06.2024;20.06.2024;AB-100157;Aaron;Bergman;1-237-970-5378;Consumer;;Mackay;Queensland;Australia;Oceania;Asia Pacific;OFF-FA-2947;Office Supplies;Fasteners;Accos Push Pins, 12 Pack;AsiaTrade Group;$477,58;6;0,1;$169,78;59,77;Online;Mobile;Wallet;S-007010
7011;WEB-7011;19.08.2024;21.06.2024;AB-100157;Aaron;Bergman;1-237-970-5378;Consumer;;Mackay;Queensland;Australia;Oceania;Asia Pacific;FUR-CH-4547;Furniture;Chairs;Harbour Creations Rocking Chair, Set of Two;GreenField Distributors;$2 046,20;5;0,1;$591,05;432,15;Online;Tablet;Card;S-007011
7012;WEB-7012;24.08.2024;25.06.2024;AB-100157;Aaron;Bergman;1-237-970-5378;Consumer;;Mackay;Queensland;Australia;Oceania;Asia Pacific;FUR-CH-5455;Furniture;Chairs;Office Star Swivel Stool, Black;GreenField Distributors;$224,05;3;0,1;$49,72;26,13;Online;Tablet;Wallet;S-007012
7013;WEB-7013;01.07.2024;23.06.2024;AB-100157;Aaron;Bergman;1-237-970-5378;Consumer;;Mackay;Queensland;Australia;Oceania;Asia Pacific;FUR-CH-4563;Furniture;Chairs;Harbour Creations Swivel Stool, Red;NordicSupply AB;$12,96;3;0,1;$3,42;1,22;Online;Mobile;PayPal;S-007013
7014;WEB-7014;07.08.2024;22.06.2024;AB-100157;Aaron;Bergman;1-237-970-5378;Consumer;;Mackay;Queensland;Australia;Oceania;Asia Pacific;OFF-AP-4742;Office Supplies;Appliances;Hoover Stove, Black;SmartLogistics Ltd;$448,58;3;0,1;$174,44;49,04;Online;Mobile;PayPal;S-007014
7015;WEB-7015;06.09.2024;21.06.2024;AB-100157;Aaron;Bergman;1-237-970-5378;Consumer;;Mackay;Queensland;Australia;Oceania;Asia Pacific;OFF-PA-4147;Office Supplies;Paper;Enermax Computer Printout Paper, 8.5 x 11;GlobalSupply Ltd;$88,97;5;0,1;$14,72;14,53;Online;Mobile;Wallet;S-007015
8332;WEB-8332;22.08.2025;25.06.2025;AB-1001559;Aaron;Bergman;1-237-970-5378;Consumer;;Palembang;Sumatera Selatan;Indonesia;Southeastern Asia;Asia Pacific;OFF-ST-3361;Office Supplies;Storage;"Belkin 19"" Vented Equipment Shelf, Black";CrossBorder Supply;$67,89;4;0,27;-$8,43;7,99;Online;Mobile;Wallet;S-008332
8333;WEB-8333;12.07.2025;24.06.2025;AB-1001559;Aaron;Bergman;1-237-970-5378;Consumer;;Palembang;Sumatera Selatan;Indonesia;Southeastern Asia;Asia Pacific;OFF-PA-6498;Office Supplies;Paper;Xerox 1943;EuroImport GmbH;$10,59;3;0,47;-$3,27;1,39;Online;Mobile;PayPal;S-008333
8334;WEB-8334;16.08.2025;23.06.2025;AB-1001559;Aaron;Bergman;1-237-970-5378;Consumer;;Palembang;Sumatera Selatan;Indonesia;Southeastern Asia;Asia Pacific;OFF-AR-2874;Office Supplies;Art;4009 Highlighters by Sanford;UrbanGoods Co;$372,91;12;0,27;$101,83;53,07;Online;Tablet;Card;S-008334
8335;WEB-8335;24.09.2025;26.06.2025;AB-1001559;Aaron;Bergman;1-237-970-5378;Consumer;;Palembang;Sumatera Selatan;Indonesia;Southeastern Asia;Asia Pacific;OFF-BI-2929;Office Supplies;Binders;"Acco PRESSTEX Data Binder with Storage Hooks, Light Blue, 9 1/2"" X 11""";WestLine Imports;$72,71;5;0,17;$15,71;7,75;Online;Tablet;PayPal;S-008335
8336;WEB-8336;30.07.2025;23.06.2025;AB-1001559;Aaron;Bergman;1-237-970-5378;Consumer;;Palembang;Sumatera Selatan;Indonesia;Southeastern Asia;Asia Pacific;OFF-PA-6516;Office Supplies;Paper;Xerox 196;InnovaSupply;$50,37;4;0,47;$2,85;2,81;Online;Tablet;Wallet;S-008336
8337;WEB-8337;27.06.2025;20.06.2025;AB-1001559;Aaron;Bergman;1-237-970-5378;Consumer;;Palembang;Sumatera Selatan;Indonesia;Southeastern Asia;Asia Pacific;TEC-AC-5899;Technology;Accessories;SanDisk Ultra 32 GB MicroSDHC Class 10 Memory Card;Pacific Traders;$25,85;2;0,17;$5,57;2,65;Online;Desktop;PayPal;S-008337
8400;WEB-8400;23.08.2024;15.07.2024;AB-1001558;Aaron;Bergman;1-237-970-5378;Consumer;;Hyderabad;Telangana;India;Southern Asia;Asia Pacific;TEC-AC-5858;Technology;Accessories;SanDisk Cruzer 64 GB USB Flash Drive;AsiaTrade Group;$93,51;3;0;$2,79;12,43;Online;Mobile;Wallet;S-008400
8401;WEB-8401;06.09.2024;17.07.2024;AB-1001558;Aaron;Bergman;1-237-970-5378;Consumer;;Hyderabad;Telangana;India;Southern Asia;Asia Pacific;OFF-ST-3962;Office Supplies;Storage;Deluxe Rollaway Locking File with Drawer;EastBridge Commerce;$566,40;4;0;$135,84;88,98;Online;Tablet;Wallet;S-008401
8402;WEB-8402;15.05.2024;14.02.2024;AH-1003059;Aaron;Hawkins;1-917-406-1401;Corporate;;Depok;Yogyakarta;Indonesia;Southeastern Asia;Asia Pacific;TEC-CO-3702;Technology;Copiers;Canon PC940 Copier;PrimeSource Ltd;$70,76;5;0,47;$2,66;19,96;Online;Tablet;PayPal;S-008402
8403;WEB-8403;27.02.2024;13.02.2024;AH-1003059;Aaron;Hawkins;1-917-406-1401;Corporate;;Depok;Yogyakarta;Indonesia;Southeastern Asia;Asia Pacific;OFF-PA-5274;Office Supplies;Paper;Multicolor Computer Printout Paper;SkyWay Trading;$108,41;2;0,27;-$38,66;18,98;Online;Desktop;Wallet;S-008403
9867;WEB-9867;09.05.2024;13.03.2024;AH-1003066;Aaron;Hawkins;1-917-406-1401;Corporate;;Yokkaichi;Mie;Japan;Eastern Asia;Asia Pacific;OFF-LA-3195;Office Supplies;Labels;Avery 477;SmartLogistics Ltd;$478,80;6;0;$86,04;21,85;Online;Desktop;Card;S-009867
9868;WEB-9868;11.04.2024;11.03.2024;AH-1003066;Aaron;Hawkins;1-917-406-1401;Corporate;;Yokkaichi;Mie;Japan;Eastern Asia;Asia Pacific;TEC-AC-4941;Technology;Accessories;KeyTronic KT400U2 - Keyboard - Black;CrossBorder Supply;$1 931,94;3;0;$734,13;71,46;Online;Tablet;PayPal;S-009868
10959;WEB-10959;19.02.2023;06.11.2022;AS-10045113;Aaron;Smayling;1-841-357-2499;Corporate;;Singapore;Singapore;Singapore;Southeastern Asia;Asia Pacific;TEC-CO-6009;Technology;Copiers;Sharp Wireless Fax, Color;GlobalSupply Ltd;$251,37;9;0;$27,54;38,36;Online;Mobile;Card;S-010959
11048;WEB-11048;20.11.2025;18.10.2025;AS-1004559;Aaron;Smayling;1-841-357-2499;Corporate;;Samarinda;Kalimantan Timur;Indonesia;Southeastern Asia;Asia Pacific;TEC-MA-5020;Technology;Machines;Konica Receipt Printer, White;Pacific Traders;$23,17;2;0,27;$0,31;1,42;Online;Tablet;Card;S-011048
11298;WEB-11298;17.04.2025;03.03.2025;AS-1004559;Aaron;Smayling;1-841-357-2499;Corporate;;Surabaya;Jawa Timur;Indonesia;Southeastern Asia;Asia Pacific;OFF-EN-3673;Office Supplies;Envelopes;Cameo Peel and Seal, Recycled;AsiaTrade Group;$227,89;2;0,07;$4,87;19,29;Online;Tablet;Card;S-011298
12542;WEB-12542;20.08.2025;07.05.2025;AS-10045134;Aaron;Smayling;1-841-357-2499;Corporate;;Bagcilar;Istanbul;Turkey;Western Asia;Asia Pacific;FUR-CH-5758;Furniture;Chairs;SAFCO Chairmat, Red;EastBridge Commerce;$86,93;2;0,6;-$126,07;8,76;Online;Mobile;Wallet;S-012542
12543;WEB-12543;23.05.2025;13.05.2025;AS-10045134;Aaron;Smayling;1-841-357-2499;Corporate;;Bagcilar;Istanbul;Turkey;Western Asia;Asia Pacific;FUR-FU-3957;Furniture;Furnishings;Deflect-O Stacking Tray, Erganomic;Atlantic Logistics;$21,17;1;0,6;-$7,42;1,82;Online;Desktop;Wallet;S-012543
12544;WEB-12544;15.05.2025;10.05.2025;AS-10045134;Aaron;Smayling;1-841-357-2499;Corporate;;Bagcilar;Istanbul;Turkey;Western Asia;Asia Pacific;TEC-CO-4587;Technology;Copiers;Hewlett Personal Copier, Digital;CrossBorder Supply;$76,45;1;0,6;-$87,95;9,12;Online;Tablet;PayPal;S-012544
12545;WEB-12545;05.08.2025;11.05.2025;AS-10045134;Aaron;Smayling;1-841-357-2499;Corporate;;Bagcilar;Istanbul;Turkey;Western Asia;Asia Pacific;OFF-EN-4438;Office Supplies;Envelopes;GlobeWeis Clasp Envelope, with clear poly window;Atlantic Logistics;$154,34;2;0,6;-$138,94;4,13;Online;Mobile;Wallet;S-012545
12546;WEB-12546;06.06.2025;14.05.2025;AS-10045134;Aaron;Smayling;1-841-357-2499;Corporate;;Bagcilar;Istanbul;Turkey;Western Asia;Asia Pacific;FUR-FU-4040;Furniture;Furnishings;Eldon Door Stop, Black;SmartLogistics Ltd;$21,31;1;0,6;-$5,33;2,31;Online;Tablet;Wallet;S-012546
12547;WEB-12547;15.08.2025;15.05.2025;AS-10045134;Aaron;Smayling;1-841-357-2499;Corporate;;Bagcilar;Istanbul;Turkey;Western Asia;Asia Pacific;TEC-PH-5826;Technology;Phones;Samsung Headset, VoIP;SmartLogistics Ltd;$20,22;1;0,6;-$24,78;1,44;Online;Tablet;PayPal;S-012547
15197;WEB-15197;18.03.2025;02.02.2025;AS-10045139;Aaron;Smayling;1-841-357-2499;Corporate;;Leeds;England;United Kingdom;Northern Europe;Europe;OFF-BI-4830;Office Supplies;Binders;Ibico Index Tab, Economy;GlobalSupply Ltd;$79,20;3;0;$39,60;12,95;Online;Mobile;PayPal;S-015197
15198;WEB-15198;15.04.2025;05.02.2025;AS-10045139;Aaron;Smayling;1-841-357-2499;Corporate;;Leeds;England;United Kingdom;Northern Europe;Europe;OFF-BI-2891;Office Supplies;Binders;Acco Binder Covers, Clear;WestLine Imports;$388,92;7;0;$0,00;78,74;Online;Desktop;PayPal;S-015198
15199;WEB-15199;16.04.2025;10.02.2025;AS-10045139;Aaron;Smayling;1-841-357-2499;Corporate;;Leeds;England;United Kingdom;Northern Europe;Europe;OFF-ST-4079;Office Supplies;Storage;Eldon Lockers, Industrial;WorldConnect Trade;$35,19;3;0;$16,11;3,52;Online;Tablet;Card;S-015199
15200;WEB-15200;05.04.2025;08.02.2025;AS-10045139;Aaron;Smayling;1-841-357-2499;Corporate;;Leeds;England;United Kingdom;Northern Europe;Europe;OFF-ST-5706;Office Supplies;Storage;Rogers Shelving, Industrial;NordicSupply AB;$50,94;2;0;$13,20;7,34;Online;Tablet;Wallet;S-015200
15201;WEB-15201;26.03.2025;02.02.2025;AS-10045139;Aaron;Smayling;1-841-357-2499;Corporate;;Leeds;England;United Kingdom;Northern Europe;Europe;OFF-FA-3073;Office Supplies;Fasteners;Advantus Thumb Tacks, Assorted Sizes;SilkRoad Exports;$307,44;3;0;$73,71;48,9;Online;Desktop;PayPal;S-015201
15202;WEB-15202;12.05.2025;07.02.2025;AS-10045139;Aaron;Smayling;1-841-357-2499;Corporate;;Leeds;England;United Kingdom;Northern Europe;Europe;FUR-CH-5397;Furniture;Chairs;Novimex Rocking Chair, Set of Two;BlueOcean Supply;$122,40;2;0;$37,92;17,63;Online;Mobile;PayPal;S-015202
15203;WEB-15203;01.05.2025;10.02.2025;AS-10045139;Aaron;Smayling;1-841-357-2499;Corporate;;Leeds;England;United Kingdom;Northern Europe;Europe;OFF-PA-5852;Office Supplies;Paper;SanDisk Computer Printout Paper, Multicolor;WestLine Imports;$413,82;3;0;$20,61;39,87;Online;Mobile;Card;S-015203
16195;WEB-16195;11.08.2022;24.06.2022;AS-1004545;Aaron;Smayling;1-841-357-2499;Corporate;;Mont-de-Marsan;Aquitaine-Limousin-Poitou-Charentes;France;Western Europe;Europe;OFF-AR-3547;Office Supplies;Art;Boston Pens, Easy-Erase;NordicSupply AB;$88,83;3;0;$31,05;4,23;Online;Mobile;Wallet;S-016195
16500;WEB-16500;25.02.2025;19.01.2025;AS-1004564;Aaron;Smayling;1-841-357-2499;Corporate;;Brescia;Lombardy;Italy;Southern Europe;Europe;OFF-ST-4107;Office Supplies;Storage;Eldon Trays, Single Width;SilkRoad Exports;$44,40;4;0;$10,56;1,9;Online;Mobile;Card;S-016500
16706;WEB-16706;17.04.2023;11.02.2023;AS-1004564;Aaron;Smayling;1-841-357-2499;Corporate;;Genoa;Liguria;Italy;Southern Europe;Europe;OFF-LA-5402;Office Supplies;Labels;Novimex Shipping Labels, 5000 Label Set;Pacific Traders;$30,30;2;0;$3,60;6,41;Online;Tablet;Wallet;S-016706
16722;WEB-16722;17.05.2025;06.02.2025;AB-1001545;Aaron;Bergman;1-237-970-5378;Consumer;;Vincennes;Ile-de-France;France;Western Europe;Europe;OFF-AR-3454;Office Supplies;Art;BIC Highlighters, Water Color;TransGlobal Partners;$1 822,54;6;0,15;$385,78;110,48;Online;Mobile;Wallet;S-016722
16723;WEB-16723;04.05.2025;06.02.2025;AB-1001545;Aaron;Bergman;1-237-970-5378;Consumer;;Vincennes;Ile-de-France;France;Western Europe;Europe;OFF-SU-4127;Office Supplies;Supplies;Elite Scissors, Easy Grip;Universal Trade Co;$12,00;1;0;$0,48;1,51;Online;Tablet;Wallet;S-016723
17312;WEB-17312;27.10.2023;14.09.2023;AS-1004545;Aaron;Smayling;1-841-357-2499;Corporate;;Faches-Thumesnil;Nord-Pas-de-Calais-Picardie;France;Western Europe;Europe;OFF-EN-4905;Office Supplies;Envelopes;Jiffy Business Envelopes, Set of 50;WorldConnect Trade;$40,32;3;0;$6,84;1,76;Online;Tablet;PayPal;S-017312
17570;WEB-17570;08.09.2022;26.08.2022;AB-1001564;Aaron;Bergman;1-237-970-5378;Consumer;;Vicenza;Veneto;Italy;Southern Europe;Europe;OFF-BI-2912;Office Supplies;Binders;Acco Hole Reinforcements, Clear;Universal Trade Co;$75,96;4;0;$9,00;9,1;Online;Mobile;Card;S-017570
17571;WEB-17571;23.09.2022;30.08.2022;AB-1001564;Aaron;Bergman;1-237-970-5378;Consumer;;Vicenza;Veneto;Italy;Southern Europe;Europe;OFF-ST-6059;Office Supplies;Storage;Smead Shelving, Single Width;InnovaSupply;$80,10;3;0;$33,57;11,08;Online;Mobile;Wallet;S-017571
17738;WEB-17738;24.04.2023;08.03.2023;AB-1001548;Aaron;Bergman;1-237-970-5378;Consumer;;Viersen;North Rhine-Westphalia;Germany;Western Europe;Europe;OFF-ST-6251;Office Supplies;Storage;Tenex Folders, Single Width;GreenField Distributors;$115,38;6;0;$25,38;5,9;Online;Mobile;Wallet;S-017738
17739;WEB-17739;14.04.2023;11.03.2023;AB-1001548;Aaron;Bergman;1-237-970-5378;Consumer;;Viersen;North Rhine-Westphalia;Germany;Western Europe;Europe;OFF-FA-6206;Office Supplies;Fasteners;Stockwell Thumb Tacks, Assorted Sizes;NordicSupply AB;$239,76;2;0,1;$21,30;16,55;Online;Tablet;Card;S-017739
17740;WEB-17740;29.03.2023;08.03.2023;AB-1001548;Aaron;Bergman;1-237-970-5378;Consumer;;Viersen;North Rhine-Westphalia;Germany;Western Europe;Europe;OFF-PA-5878;Office Supplies;Paper;SanDisk Message Books, Premium;WestLine Imports;$157,23;3;0;$10,98;15,35;Online;Desktop;PayPal;S-017740
17741;WEB-17741;02.04.2023;11.03.2023;AB-1001548;Aaron;Bergman;1-237-970-5378;Consumer;;Viersen;North Rhine-Westphalia;Germany;Western Europe;Europe;OFF-SU-4317;Office Supplies;Supplies;Fiskars Scissors, Serrated;PrimeSource Ltd;$95,42;2;0,1;$32,84;9,98;Online;Tablet;Card;S-017741
18550;WEB-18550;22.12.2025;10.09.2025;AS-10045124;Aaron;Smayling;1-841-357-2499;Corporate;;Stockholm;Stockholm;Sweden;Northern Europe;Europe;FUR-FU-5154;Furniture;Furnishings;Longer-Life Soft White Bulbs;NordicSupply AB;$4,08;1;0,5;-$2,94;1,26;Online;Mobile;Card;S-018550
18551;WEB-18551;29.09.2025;11.09.2025;AS-10045124;Aaron;Smayling;1-841-357-2499;Corporate;;Stockholm;Stockholm;Sweden;Northern Europe;Europe;TEC-AC-5601;Technology;Accessories;Plantronics Audio 995 Wireless Stereo Headset;GlobalSupply Ltd;$72,99;1;0,5;-$7,32;5,17;Online;Tablet;PayPal;S-018551
19309;WEB-19309;01.12.2023;10.10.2023;AS-10045120;Aaron;Smayling;1-841-357-2499;Corporate;;Fuenlabrada;Madrid;Spain;Southern Europe;Europe;TEC-PH-6347;Technology;Phones;Vtech CS6719;EuroImport GmbH;$71,10;5;0;$1,35;7,06;Online;Mobile;Wallet;S-019309
19658;WEB-19658;03.01.2025;20.10.2024;AH-10030139;Aaron;Hawkins;1-917-406-1401;Corporate;;Chesterfield;England;United Kingdom;Northern Europe;Europe;OFF-PA-6572;Office Supplies;Paper;Xerox 21;SmartLogistics Ltd;$53,40;2;0;$14,94;5,85;Online;Desktop;PayPal;S-019658
20308;WEB-20308;14.09.2025;31.08.2025;AH-1003048;Aaron;Hawkins;1-917-406-1401;Corporate;;Solingen;North Rhine-Westphalia;Germany;Western Europe;Europe;TEC-CO-3698;Technology;Copiers;Canon PC1060 Personal Laser Copier;BlueOcean Supply;$166,05;3;0;$26,55;12,47;Online;Mobile;Wallet;S-020308
20309;WEB-20309;17.11.2025;30.08.2025;AH-1003048;Aaron;Hawkins;1-917-406-1401;Corporate;;Solingen;North Rhine-Westphalia;Germany;Western Europe;Europe;TEC-PH-3810;Technology;Phones;Cisco SPA112 2 Port Phone Adapter;Universal Trade Co;$117,12;4;0;$52,68;9,41;Online;Mobile;PayPal;S-020309
20873;WEB-20873;20.04.2025;05.02.2025;AB-10015139;Aaron;Bergman;1-237-970-5378;Consumer;;Bognor Regis;England;United Kingdom;Northern Europe;Europe;OFF-EN-3658;Office Supplies;Envelopes;Cameo Clasp Envelope, Security-Tint;GreenField Distributors;$174,96;3;0;$76,95;35,97;Online;Mobile;PayPal;S-020873
21071;WEB-21071;26.03.2022;17.03.2022;AS-10045125;Aaron;Smayling;1-841-357-2499;Corporate;;Basel;Basel-Stadt;Switzerland;Western Europe;Europe;OFF-ST-4258;Office Supplies;Storage;Fellowes File Cart, Industrial;SkyWay Trading;$26,40;2;0;$0,48;1,52;Online;Desktop;PayPal;S-021071
21519;WEB-21519;28.02.2026;05.12.2025;AS-1004545;Aaron;Smayling;1-841-357-2499;Corporate;;Le Cannet;Provence-Alpes-Côte d'Azur;France;Western Europe;Europe;OFF-BI-3258;Office Supplies;Binders;Avery Binding Machine, Recycled;GreenField Distributors;$44,52;4;0;$16,44;4,06;Online;Tablet;Wallet;S-021519
21520;WEB-21520;26.12.2025;05.12.2025;AS-1004545;Aaron;Smayling;1-841-357-2499;Corporate;;Le Cannet;Provence-Alpes-Côte d'Azur;France;Western Europe;Europe;OFF-SU-4131;Office Supplies;Supplies;Elite Shears, Easy Grip;NordicSupply AB;$2 070,00;8;0;$82,80;126,1;Online;Tablet;PayPal;S-021520
21521;WEB-21521;13.03.2026;07.12.2025;AS-1004545;Aaron;Smayling;1-841-357-2499;Corporate;;Le Cannet;Provence-Alpes-Côte d'Azur;France;Western Europe;Europe;OFF-SU-4125;Office Supplies;Supplies;Elite Ruler, Serrated;UrbanGoods Co;$1 022,22;2;0,1;-$22,74;88,93;Online;Mobile;Wallet;S-021521
21522;WEB-21522;11.03.2026;10.12.2025;AS-1004545;Aaron;Smayling;1-841-357-2499;Corporate;;Le Cannet;Provence-Alpes-Côte d'Azur;France;Western Europe;Europe;OFF-AP-4954;Office Supplies;Appliances;KitchenAid Coffee Grinder, Silver;Pacific Traders;$555,74;9;0,1;$154,25;5,95;Online;Tablet;PayPal;S-021522
21523;WEB-21523;11.03.2026;04.12.2025;AS-1004545;Aaron;Smayling;1-841-357-2499;Corporate;;Le Cannet;Provence-Alpes-Côte d'Azur;France;Western Europe;Europe;TEC-MA-5539;Technology;Machines;Panasonic Calculator, Red;SilkRoad Exports;$95,85;3;0;$35,46;4,47;Online;Desktop;PayPal;S-021523
21640;WEB-21640;20.12.2022;22.12.2022;AS-1004548;Aaron;Smayling;1-841-357-2499;Corporate;;Duisburg;North Rhine-Westphalia;Germany;Western Europe;Europe;OFF-PA-3996;Office Supplies;Paper;Eaton Memo Slips, Premium;WestLine Imports;$99,48;2;0;$23,82;13,28;Online;Mobile;PayPal;S-021640
21641;WEB-21641;20.12.2022;19.12.2022;AS-1004548;Aaron;Smayling;1-841-357-2499;Corporate;;Duisburg;North Rhine-Westphalia;Germany;Western Europe;Europe;FUR-CH-5443;Furniture;Chairs;Office Star Executive Leather Armchair, Red;WorldConnect Trade;$82,94;4;0,1;$1,82;1,67;Online;Mobile;Card;S-021641
22149;WEB-22149;13.12.2024;19.10.2024;AB-1001545;Aaron;Bergman;1-237-970-5378;Consumer;;Marseille;Provence-Alpes-Côte d'Azur;France;Western Europe;Europe;OFF-SU-6170;Office Supplies;Supplies;Stiletto Ruler, Serrated;UrbanGoods Co;$111,08;3;0,15;$27,38;24,11;Online;Mobile;Card;S-022149
22150;WEB-22150;02.11.2024;19.10.2024;AB-1001545;Aaron;Bergman;1-237-970-5378;Consumer;;Marseille;Provence-Alpes-Côte d'Azur;France;Western Europe;Europe;OFF-BI-2894;Office Supplies;Binders;Acco Binder Covers, Recycled;GlobalSupply Ltd;$632,04;6;0,15;$7,26;216,8;Online;Mobile;Wallet;S-022150
22231;WEB-22231;05.06.2025;22.04.2025;AB-1001564;Aaron;Bergman;1-237-970-5378;Consumer;;Casoria;Campania;Italy;Southern Europe;Europe;OFF-FA-6203;Office Supplies;Fasteners;Stockwell Staples, Bulk Pack;GreenField Distributors;$21,60;2;0;$10,80;2,03;Online;Mobile;Wallet;S-022231
22232;WEB-22232;27.04.2025;23.04.2025;AB-1001564;Aaron;Bergman;1-237-970-5378;Consumer;;Casoria;Campania;Italy;Southern Europe;Europe;OFF-ST-6059;Office Supplies;Storage;Smead Shelving, Single Width;InnovaSupply;$1 543,44;8;0;$370,32;110,96;Online;Desktop;PayPal;S-022232
22255;WEB-22255;17.04.2022;31.03.2022;AB-10015139;Aaron;Bergman;1-237-970-5378;Consumer;;Edinburgh;Scotland;United Kingdom;Northern Europe;Europe;OFF-AR-3547;Office Supplies;Art;Boston Pens, Easy-Erase;NordicSupply AB;$32,40;3;0;$16,20;3,09;Online;Tablet;PayPal;S-022255
22256;WEB-22256;03.05.2022;01.04.2022;AB-10015139;Aaron;Bergman;1-237-970-5378;Consumer;;Edinburgh;Scotland;United Kingdom;Northern Europe;Europe;FUR-FU-3067;Furniture;Furnishings;Advantus Stacking Tray, Erganomic;PrimeSource Ltd;$50,70;2;0;$13,68;10,03;Online;Tablet;Card;S-022256
22472;WEB-22472;31.01.2025;18.11.2024;AH-10030139;Aaron;Hawkins;1-917-406-1401;Corporate;;West Bromwich;England;United Kingdom;Northern Europe;Europe;TEC-PH-5251;Technology;Phones;Motorola Headset, Cordless;SmartLogistics Ltd;$144,75;5;0;$20,25;10,32;Online;Desktop;Card;S-022472
22590;WEB-22590;10.01.2026;29.11.2025;AH-1003014;Aaron;Hawkins;1-917-406-1401;Corporate;;Ghent;East Flanders;Belgium;Western Europe;Europe;OFF-SU-4995;Office Supplies;Supplies;Kleencut Trimmer, Serrated;WestLine Imports;$1 590,66;6;0;$540,72;122,96;Online;Tablet;PayPal;S-022590
22648;WEB-22648;12.08.2022;22.06.2022;AH-1003045;Aaron;Hawkins;1-917-406-1401;Corporate;;Maisons-Alfort;Ile-de-France;France;Western Europe;Europe;OFF-LA-6035;Office Supplies;Labels;Smead File Folder Labels, Adjustable;SkyWay Trading;$523,97;2;0,15;-$24,67;28,61;Online;Desktop;Wallet;S-022648
22649;WEB-22649;25.07.2022;20.06.2022;AH-1003045;Aaron;Hawkins;1-917-406-1401;Corporate;;Maisons-Alfort;Ile-de-France;France;Western Europe;Europe;FUR-BO-5953;Furniture;Bookcases;Sauder Corner Shelving, Mobile;NordicSupply AB;$210,24;8;0;$42,00;18,7;Online;Desktop;Card;S-022649
22714;WEB-22714;06.02.2024;29.12.2023;AS-10045139;Aaron;Smayling;1-841-357-2499;Corporate;;Chester;England;United Kingdom;Northern Europe;Europe;OFF-LA-4548;Office Supplies;Labels;Harbour Creations Round Labels, 5000 Label Set;NordicSupply AB;$164,34;6;0;$54,18;7,29;Online;Desktop;Wallet;S-022714
23375;WEB-23375;06.08.2023;17.07.2023;AH-1003019;Aaron;Hawkins;1-917-406-1401;Corporate;;Pazardzhik;Pazardzhik;Bulgaria;Eastern Europe;Europe;TEC-CO-3599;Technology;Copiers;Brother Ink, Color;WestLine Imports;$17,34;1;0;$4,68;1,29;Online;Desktop;PayPal;S-023375
23376;WEB-23376;23.10.2023;22.07.2023;AH-1003019;Aaron;Hawkins;1-917-406-1401;Corporate;;Pazardzhik;Pazardzhik;Bulgaria;Eastern Europe;Europe;FUR-CH-5805;Furniture;Chairs;SAFCO Swivel Stool, Adjustable;EastBridge Commerce;$176,43;1;0;$17,64;12,7;Online;Tablet;Card;S-023376
23742;WEB-23742;20.08.2024;15.08.2024;AB-15137;Aaron;Bergman;1-237-970-5378;Consumer;;Berdyans'k;Zaporizhzhya;Ukraine;Eastern Europe;Europe;OFF-FA-2944;Office Supplies;Fasteners;Accos Paper Clips, Assorted Sizes;EuroImport GmbH;$220,08;2;0;$17,58;13,93;Online;Mobile;PayPal;S-023742
23743;WEB-23743;30.08.2024;12.08.2024;AB-15137;Aaron;Bergman;1-237-970-5378;Consumer;;Berdyans'k;Zaporizhzhya;Ukraine;Eastern Europe;Europe;OFF-SU-4987;Office Supplies;Supplies;Kleencut Scissors, Serrated;TransGlobal Partners;$13,11;1;0;$0,90;1,84;Online;Desktop;PayPal;S-023743
23744;WEB-23744;04.10.2024;17.08.2024;AB-15137;Aaron;Bergman;1-237-970-5378;Consumer;;Berdyans'k;Zaporizhzhya;Ukraine;Eastern Europe;Europe;OFF-BI-4830;Office Supplies;Binders;Ibico Index Tab, Economy;GlobalSupply Ltd;$2 109,36;8;0;$527,28;54,79;Online;Tablet;Wallet;S-023744
23922;WEB-23922;01.09.2024;03.06.2024;AH-10030103;Aaron;Hawkins;1-917-406-1401;Corporate;;Gdansk;Pomerania;Poland;Eastern Europe;Europe;OFF-AR-3451;Office Supplies;Art;BIC Highlighters, Blue;NordicSupply AB;$28,56;2;0;$14,28;3,32;Online;Tablet;PayPal;S-023922
25068;WEB-25068;19.02.2025;19.01.2025;AB-1001593;Aaron;Bergman;1-237-970-5378;Consumer;;León;León;Nicaragua;Central America;LATAM;OFF-AR-3467;Office Supplies;Art;BIC Pens, Water Color;GreenField Distributors;$343,80;2;0;$106,56;21,42;Online;Desktop;PayPal;S-025068
25069;WEB-25069;15.02.2025;11.01.2025;AB-1001593;Aaron;Bergman;1-237-970-5378;Consumer;;León;León;Nicaragua;Central America;LATAM;OFF-AR-3483;Office Supplies;Art;Binney & Smith Highlighters, Fluorescent;SilkRoad Exports;$225,24;3;0;$58,56;30,553;Online;Desktop;Wallet;S-025069
26247;WEB-26247;23.08.2025;30.05.2025;AS-1004528;Aaron;Smayling;1-841-357-2499;Corporate;;Neiva;Huila;Colombia;South America;LATAM;OFF-AR-3538;Office Supplies;Art;Boston Markers, Easy-Erase;BlueOcean Supply;$78,84;3;0;$18,12;5,263;Online;Desktop;Card;S-026247
26248;WEB-26248;08.06.2025;26.05.2025;AS-1004528;Aaron;Smayling;1-841-357-2499;Corporate;;Neiva;Huila;Colombia;South America;LATAM;OFF-PA-4475;Office Supplies;Paper;Green Bar Message Books, Multicolor;WestLine Imports;$58,48;2;0;$27,48;5,038;Online;Mobile;PayPal;S-026248
27439;WEB-27439;22.08.2025;23.07.2025;AH-100305;Aaron;Hawkins;1-917-406-1401;Corporate;;San Luis;San Luis;Argentina;South America;LATAM;OFF-PA-3995;Office Supplies;Paper;Eaton Memo Slips, Multicolor;BlueOcean Supply;$167,50;7;0,4;-$5,68;14,102;Online;Desktop;PayPal;S-027439
27909;WEB-27909;23.02.2026;14.12.2025;AB-1001539;Aaron;Bergman;1-237-970-5378;Consumer;;Apopa;San Salvador;El Salvador;Central America;LATAM;FUR-CH-5796;Furniture;Chairs;SAFCO Rocking Chair, Set of Two;WorldConnect Trade;$151,20;6;0;$75,60;10,786;Online;Mobile;Wallet;S-027909
27910;WEB-27910;05.01.2026;15.12.2025;AB-1001539;Aaron;Bergman;1-237-970-5378;Consumer;;Apopa;San Salvador;El Salvador;Central America;LATAM;OFF-LA-5398;Office Supplies;Labels;Novimex Round Labels, 5000 Label Set;Atlantic Logistics;$610,60;2;0;$238,12;57,833;Online;Tablet;Card;S-027910
28091;WEB-28091;11.09.2023;17.08.2023;AS-1004598;Aaron;Smayling;1-841-357-2499;Corporate;;Panama City;Panama;Panama;Central America;LATAM;OFF-EN-4454;Office Supplies;Envelopes;GlobeWeis Peel and Seal, with clear poly window;BlueOcean Supply;$13,96;1;0,4;-$5,58;1,252;Online;Desktop;PayPal;S-028091
28874;WEB-28874;12.01.2025;09.01.2025;AH-1003051;Aaron;Hawkins;1-917-406-1401;Corporate;;Huehuetenango;Huehuetenango;Guatemala;Central America;LATAM;FUR-TA-4675;Furniture;Tables;Hon Practical Foundations 30 x 60 Training Table, Light Gray/Charcoal;WestLine Imports;$234,92;2;0;$28,16;10,729;Online;Desktop;Wallet;S-028874
29066;WEB-29066;24.07.2024;31.05.2024;AB-100155;Aaron;Bergman;1-237-970-5378;Consumer;;Avellaneda;Santa Fe;Argentina;South America;LATAM;FUR-CH-4426;Furniture;Chairs;Global Troy Executive Leather Low-Back Tilter;GreenField Distributors;$21,82;1;0,4;-$11,64;1,942;Online;Desktop;Wallet;S-029066
29067;WEB-29067;16.06.2024;29.05.2024;AB-100155;Aaron;Bergman;1-237-970-5378;Consumer;;Avellaneda;Santa Fe;Argentina;South America;LATAM;OFF-ST-6157;Office Supplies;Storage;Sterilite Officeware Hinged File Box;SmartLogistics Ltd;$59,33;3;0,4;-$19,81;2,325;Online;Mobile;Card;S-029067
29088;WEB-29088;02.12.2022;07.10.2022;AB-1001518;Aaron;Bergman;1-237-970-5378;Consumer;;Barueri;São Paulo;Brazil;South America;LATAM;FUR-CH-4517;Furniture;Chairs;Harbour Creations 67200 Series Stacking Chairs;BlueOcean Supply;$61,56;3;0;$22,74;8,917;Online;Tablet;PayPal;S-029088
29656;WEB-29656;06.03.2023;10.02.2023;AB-1001551;Aaron;Bergman;1-237-970-5378;Consumer;;Mixco;Guatemala;Guatemala;Central America;LATAM;OFF-FA-3052;Office Supplies;Fasteners;Advantus Push Pins;PrimeSource Ltd;$50,58;3;0;$11,10;6,616;Online;Mobile;Wallet;S-029656
29657;WEB-29657;08.03.2023;14.02.2023;AB-1001551;Aaron;Bergman;1-237-970-5378;Consumer;;Mixco;Guatemala;Guatemala;Central America;LATAM;TEC-AC-4877;Technology;Accessories;Imation Secure Drive + Hardware Encrypted USB flash drive - 16 GB;WestLine Imports;$75,36;2;0;$30,12;9,629;Online;Desktop;Card;S-029657
30145;WEB-30145;06.12.2022;28.10.2022;AH-1003051;Aaron;Hawkins;1-917-406-1401;Corporate;;Villa Canales;Guatemala;Guatemala;Central America;LATAM;OFF-EN-6325;Office Supplies;Envelopes;Tyvek  Top-Opening Peel & Seel Envelopes, Plain White;SkyWay Trading;$2 120,80;5;0;$275,70;68,303;Online;Desktop;Card;S-030145
30947;WEB-30947;30.01.2025;01.11.2024;AB-1001582;Aaron;Bergman;1-237-970-5378;Consumer;;Monterrey;Nuevo León;Mexico;Central America;LATAM;FUR-CH-5452;Furniture;Chairs;Office Star Steel Folding Chair, Red;GreenField Distributors;$86,42;1;0,2;-$10,80;7,163;Online;Desktop;Card;S-030947
30948;WEB-30948;23.11.2024;06.11.2024;AB-1001582;Aaron;Bergman;1-237-970-5378;Consumer;;Monterrey;Nuevo León;Mexico;Central America;LATAM;TEC-MA-5500;Technology;Machines;Okidata Card Printer, Wireless;AsiaTrade Group;$27,18;3;0;$1,32;1,72;Online;Desktop;Card;S-030948
31797;WEB-31797;27.08.2024;09.07.2024;AB-1001518;Aaron;Bergman;1-237-970-5378;Consumer;;Gaspar;Santa Catarina;Brazil;South America;LATAM;OFF-PA-6622;Office Supplies;Paper;Xerox Parchment Paper, Multicolor;SmartLogistics Ltd;$331,92;6;0;$112,80;40,692;Online;Tablet;Wallet;S-031797
31798;WEB-31798;29.07.2024;08.07.2024;AB-1001518;Aaron;Bergman;1-237-970-5378;Consumer;;Gaspar;Santa Catarina;Brazil;South America;LATAM;FUR-FU-6256;Furniture;Furnishings;Tenex Frame, Erganomic;EuroImport GmbH;$247,60;10;0;$61,80;47,997;Online;Desktop;Wallet;S-031798
32505;WEB-32505;14.06.2023;29.05.2023;AS-1004582;Aaron;Smayling;1-841-357-2499;Corporate;;Coyoacán;Distrito Federal;Mexico;Central America;LATAM;OFF-EN-3657;Office Supplies;Envelopes;Cameo Clasp Envelope, Recycled;EastBridge Commerce;$15,76;4;0;$3,12;2,11;Online;Tablet;Wallet;S-032505
32506;WEB-32506;25.06.2023;27.05.2023;AS-1004582;Aaron;Smayling;1-841-357-2499;Corporate;;Coyoacán;Distrito Federal;Mexico;Central America;LATAM;FUR-CH-5434;Furniture;Chairs;Office Star Bag Chairs, Black;Pacific Traders;$191,88;6;0;$69,00;18,473;Online;Mobile;PayPal;S-032506
32507;WEB-32507;31.08.2023;25.05.2023;AS-1004582;Aaron;Smayling;1-841-357-2499;Corporate;;Coyoacán;Distrito Federal;Mexico;Central America;LATAM;FUR-FU-3942;Furniture;Furnishings;Deflect-O Frame, Durable;TransGlobal Partners;$91,86;1;0;$37,66;3,099;Online;Desktop;Wallet;S-032507
32508;WEB-32508;25.07.2023;26.05.2023;AS-1004582;Aaron;Smayling;1-841-357-2499;Corporate;;Coyoacán;Distrito Federal;Mexico;Central America;LATAM;OFF-FA-5471;Office Supplies;Fasteners;OIC Push Pins, 12 Pack;Pacific Traders;$328,14;9;0;$85,14;17,191;Online;Tablet;Card;S-032508
34301;WEB-34301;13.10.2025;03.08.2025;AS-100451402;Aaron;Smayling;1-841-357-2499;Corporate;78745.0;Austin;Texas;United States;Central US;USCA;OFF-ST-6025;Office Supplies;Storage;Smead Box, Single Width;InnovaSupply;$1 439,98;3;0,4;-$264,00;103,62;Online;Tablet;Card;S-034301
34302;WEB-34302;05.10.2025;30.07.2025;AS-100451402;Aaron;Smayling;1-841-357-2499;Corporate;78745.0;Austin;Texas;United States;Central US;USCA;OFF-ST-5702;Office Supplies;Storage;Rogers Lockers, Single Width;AsiaTrade Group;$36,29;7;0,2;$12,70;1,99;Online;Mobile;Wallet;S-034302
35268;WEB-35268;07.10.2025;30.09.2025;AS-100451404;Aaron;Smayling;1-841-357-2499;Corporate;91104.0;Pasadena;California;United States;Western US;USCA;OFF-AR-5911;Office Supplies;Art;Sanford Highlighters, Easy-Erase;NordicSupply AB;$171,29;3;0,2;-$6,42;12,65;Online;Tablet;Card;S-035268
35383;WEB-35383;20.01.2026;18.12.2025;AH-100301406;Aaron;Hawkins;1-917-406-1401;Corporate;19134.0;Philadelphia;Pennsylvania;United States;Eastern US;USCA;OFF-BI-6402;Office Supplies;Binders;Wilson Jones Index Tab, Clear;PrimeSource Ltd;$18,70;7;0,2;$2,34;1,13;Online;Mobile;Wallet;S-035383
35470;WEB-35470;24.06.2024;17.03.2024;AH-100301408;Aaron;Hawkins;1-917-406-1401;Corporate;39503.0;Gulfport;Mississippi;United States;Southern US;USCA;OFF-BI-3736;Office Supplies;Binders;Cardinal Hole Reinforcements, Recycled;Universal Trade Co;$86,45;7;0;$38,04;5,73;Online;Mobile;Wallet;S-035470
36491;WEB-36491;06.08.2022;31.07.2022;AS-100451406;Aaron;Smayling;1-841-357-2499;Corporate;10035.0;New York City;New York;United States;Eastern US;USCA;TEC-MA-5012;Technology;Machines;Konica Phone, White;BlueOcean Supply;$65,78;11;0;$32,23;4,36;Online;Desktop;Wallet;S-036491
37112;WEB-37112;17.07.2022;15.05.2022;AH-100301404;Aaron;Hawkins;1-917-406-1401;Corporate;90004.0;Los Angeles;California;United States;Western US;USCA;TEC-AC-5126;Technology;Accessories;Logitech Mouse, Bluetooth;PrimeSource Ltd;$279,46;6;0,2;$20,96;11,69;Online;Desktop;Wallet;S-037112
37113;WEB-37113;20.05.2022;15.05.2022;AH-100301404;Aaron;Hawkins;1-917-406-1401;Corporate;90004.0;Los Angeles;California;United States;Western US;USCA;OFF-ST-6274;Office Supplies;Storage;Tenex Shelving, Single Width;UrbanGoods Co;$8,00;2;0;$3,84;1,15;Online;Mobile;Card;S-037113
38563;WEB-38563;22.06.2022;18.04.2022;AH-100301406;Aaron;Hawkins;1-917-406-1401;Corporate;12180.0;Troy;New York;United States;Eastern US;USCA;TEC-AC-5223;Technology;Accessories;Memorex Router, Bluetooth;GlobalSupply Ltd;$247,84;8;0;$121,44;55,2;Online;Desktop;Wallet;S-038563
38564;WEB-38564;12.07.2022;20.04.2022;AH-100301406;Aaron;Hawkins;1-917-406-1401;Corporate;12180.0;Troy;New York;United States;Eastern US;USCA;FUR-CH-5409;Furniture;Chairs;Novimex Steel Folding Chair, Set of Two;WestLine Imports;$9,91;3;0,2;$3,35;1,2;Online;Desktop;PayPal;S-038564
39412;WEB-39412;09.05.2022;15.02.2022;AB-100151402;Aaron;Bergman;1-237-970-5378;Consumer;76017.0;Arlington;Texas;United States;Central US;USCA;FUR-TA-3561;Furniture;Tables;Bretford CR8500 Series Meeting Room Furniture;CrossBorder Supply;$12,62;2;0,2;-$2,52;1,97;Online;Tablet;PayPal;S-039412
40541;WEB-40541;22.02.2024;27.12.2023;AH-100301404;Aaron;Hawkins;1-917-406-1401;Corporate;94122.0;San Francisco;California;United States;Western US;USCA;OFF-ST-6090;Office Supplies;Storage;Space Solutions Industrial Galvanized Steel Shelving.;CrossBorder Supply;$323,10;2;0;$61,39;26,7;Online;Mobile;Wallet;S-040541
40542;WEB-40542;27.01.2024;22.12.2023;AH-100301404;Aaron;Hawkins;1-917-406-1401;Corporate;94122.0;San Francisco;California;United States;Western US;USCA;OFF-BI-6410;Office Supplies;Binders;Wilson Jones Standard D-Ring Binders;SmartLogistics Ltd;$668,16;9;0,2;$75,17;45,74;Online;Tablet;PayPal;S-040542
41516;WEB-41516;31.07.2023;27.04.2023;AS-1004587;Aaron;Smayling;1-841-357-2499;Corporate;;Chimoio;Manica;Mozambique;Eastern Africa;Africa;TEC-CO-5999;Technology;Copiers;Sharp Fax Machine, High-Speed;PrimeSource Ltd;$15,18;1;0;$0,30;1,91;Online;Mobile;Card;S-000432
41958;WEB-41958;24.11.2023;10.11.2023;AS-10045117;Aaron;Smayling;1-841-357-2499;Corporate;;Cape Town;Western Cape;South Africa;Southern Africa;Africa;TEC-AC-5889;Technology;Accessories;SanDisk Numeric Keypad, USB;CrossBorder Supply;$408,36;2;0;$24,48;32,13;Online;Tablet;Wallet;S-000874
41959;WEB-41959;06.02.2024;14.11.2023;AS-10045117;Aaron;Smayling;1-841-357-2499;Corporate;;Cape Town;Western Cape;South Africa;Southern Africa;Africa;TEC-AC-5863;Technology;Accessories;SanDisk Flash Drive, USB;GlobalSupply Ltd;$137,34;1;0;$0,00;10,12;Online;Tablet;Card;S-000875
41960;WEB-41960;02.12.2023;17.11.2023;AS-10045117;Aaron;Smayling;1-841-357-2499;Corporate;;Cape Town;Western Cape;South Africa;Southern Africa;Africa;OFF-PA-4167;Office Supplies;Paper;Enermax Message Books, 8.5 x 11;TransGlobal Partners;$15,33;1;0;$0,75;1,09;Online;Tablet;PayPal;S-000876
41961;WEB-41961;18.01.2024;13.11.2023;AS-10045117;Aaron;Smayling;1-841-357-2499;Corporate;;Cape Town;Western Cape;South Africa;Southern Africa;Africa;OFF-BI-3737;Office Supplies;Binders;Cardinal Index Tab, Clear;Universal Trade Co;$106,32;2;0;$34,02;5,18;Online;Desktop;PayPal;S-000877
41962;WEB-41962;22.11.2023;12.11.2023;AS-10045117;Aaron;Smayling;1-841-357-2499;Corporate;;Cape Town;Western Cape;South Africa;Southern Africa;Africa;OFF-LA-3298;Office Supplies;Labels;Avery Legal Exhibit Labels, Adjustable;AsiaTrade Group;$492,96;4;0;$29,52;14,44;Online;Desktop;Wallet;S-000878
41963;WEB-41963;24.12.2023;16.11.2023;AS-10045117;Aaron;Smayling;1-841-357-2499;Corporate;;Cape Town;Western Cape;South Africa;Southern Africa;Africa;TEC-PH-3142;Technology;Phones;Apple Office Telephone, with Caller ID;WestLine Imports;$60,42;2;0;$9,66;4,75;Online;Desktop;PayPal;S-000879
42385;WEB-42385;20.07.2024;08.06.2024;AH-1003069;Aaron;Hawkins;1-917-406-1401;Corporate;;Nakuru;Rift Valley;Kenya;Eastern Africa;Africa;OFF-PA-5848;Office Supplies;Paper;SanDisk Cards & Envelopes, Multicolor;EastBridge Commerce;$6,72;1;0;$2,82;1,36;Online;Mobile;PayPal;S-001301
42386;WEB-42386;12.09.2024;03.06.2024;AH-1003069;Aaron;Hawkins;1-917-406-1401;Corporate;;Nakuru;Rift Valley;Kenya;Eastern Africa;Africa;OFF-EN-4434;Office Supplies;Envelopes;GlobeWeis Business Envelopes, with clear poly window;Atlantic Logistics;$46,92;2;0;$15,90;1,95;Online;Tablet;PayPal;S-001302
43502;WEB-43502;27.11.2024;13.11.2024;AB-1522;Aaron;Bergman;1-237-970-5378;Consumer;;Yaounde;Centre;Cameroon;Central Africa;Africa;OFF-AP-4966;Office Supplies;Appliances;KitchenAid Stove, Silver;SkyWay Trading;$120,84;4;0;$19,32;9,31;Online;Mobile;PayPal;S-002418
43503;WEB-43503;26.01.2025;18.11.2024;AB-1522;Aaron;Bergman;1-237-970-5378;Consumer;;Yaounde;Centre;Cameroon;Central Africa;Africa;OFF-ST-5693;Office Supplies;Storage;Rogers File Cart, Single Width;SmartLogistics Ltd;$175,68;4;0;$64,92;7,71;Online;Mobile;Card;S-002419
43651;WEB-43651;17.02.2024;21.01.2024;AH-1003095;Aaron;Hawkins;1-917-406-1401;Corporate;;Port Harcourt;Rivers;Nigeria;Western Africa;Africa;OFF-EN-3097;Office Supplies;Envelopes;Ames Interoffice Envelope, Security-Tint;TransGlobal Partners;$3,24;1;0,7;-$4,77;1,23;Online;Desktop;PayPal;S-002567
43652;WEB-43652;14.02.2024;21.01.2024;AH-1003095;Aaron;Hawkins;1-917-406-1401;Corporate;;Port Harcourt;Rivers;Nigeria;Western Africa;Africa;TEC-MA-5494;Technology;Machines;Okidata Calculator, Red;UrbanGoods Co;$410,62;8;0,7;-$424,34;2,5;Online;Tablet;PayPal;S-002568
43653;WEB-43653;10.02.2024;25.01.2024;AH-1003095;Aaron;Hawkins;1-917-406-1401;Corporate;;Port Harcourt;Rivers;Nigeria;Western Africa;Africa;FUR-BO-5762;Furniture;Bookcases;Safco Classic Bookcase, Pine;SmartLogistics Ltd;$9,79;4;0,7;-$7,61;1,81;Online;Mobile;Wallet;S-002569
43654;WEB-43654;06.04.2024;21.01.2024;AH-1003095;Aaron;Hawkins;1-917-406-1401;Corporate;;Port Harcourt;Rivers;Nigeria;Western Africa;Africa;FUR-TA-5060;Furniture;Tables;Lesro Conference Table, with Bottom Storage;SmartLogistics Ltd;$493,45;4;0,7;-$838,91;37,52;Online;Tablet;PayPal;S-002570
44145;WEB-44145;11.10.2024;19.09.2024;AH-1003095;Aaron;Hawkins;1-917-406-1401;Corporate;;Kano;Kano;Nigeria;Western Africa;Africa;OFF-BI-2882;Office Supplies;Binders;Acco 3-Hole Punch, Durable;EastBridge Commerce;$284,17;2;0,7;-$388,37;6,11;Online;Mobile;Card;S-003061
44717;WEB-44717;21.06.2023;07.04.2023;AB-15146;Aaron;Bergman;1-237-970-5378;Consumer;;Mufulira;Copperbelt;Zambia;Eastern Africa;Africa;OFF-AR-6121;Office Supplies;Art;Stanley Pens, Blue;TransGlobal Partners;$47,97;1;0;$8,61;1,99;Online;Mobile;PayPal;S-003633
44718;WEB-44718;23.05.2023;02.04.2023;AB-15146;Aaron;Bergman;1-237-970-5378;Consumer;;Mufulira;Copperbelt;Zambia;Eastern Africa;Africa;OFF-ST-5708;Office Supplies;Storage;Rogers Shelving, Wire Frame;WestLine Imports;$28,89;1;0;$2,31;1,29;Online;Tablet;Card;S-003634
44719;WEB-44719;07.07.2023;08.04.2023;AB-15146;Aaron;Bergman;1-237-970-5378;Consumer;;Mufulira;Copperbelt;Zambia;Eastern Africa;Africa;OFF-PA-6605;Office Supplies;Paper;Xerox Computer Printout Paper, 8.5 x 11;Atlantic Logistics;$504,00;4;0;$216,72;43,49;Online;Desktop;Wallet;S-003635
44720;WEB-44720;12.07.2023;07.04.2023;AB-15146;Aaron;Bergman;1-237-970-5378;Consumer;;Mufulira;Copperbelt;Zambia;Eastern Africa;Africa;TEC-AC-3403;Technology;Accessories;Belkin Router, Erganomic;Pacific Traders;$1 247,40;4;0;$74,76;81,6;Online;Mobile;PayPal;S-003636
44769;WEB-44769;15.01.2023;10.01.2023;AB-1001558;Aaron;Bergman;1-237-970-5378;Consumer;;Kolhapur;Maharashtra;India;Southern Asia;Asia Pacific;OFF-BI-3734;Office Supplies;Binders;Cardinal Hole Reinforcements, Durable;Universal Trade Co;$1 039,32;4;0;$301,32;59,62;Online;Mobile;Card;S-003685
44770;WEB-44770;07.02.2023;09.01.2023;AB-1001558;Aaron;Bergman;1-237-970-5378;Consumer;;Kolhapur;Maharashtra;India;Southern Asia;Asia Pacific;OFF-FA-2959;Office Supplies;Fasteners;Accos Thumb Tacks, 12 Pack;SkyWay Trading;$142,68;2;0;$45,60;9,76;Online;Tablet;Wallet;S-003686
45342;WEB-45342;14.02.2025;20.11.2024;AH-10030102;Aaron;Hawkins;1-917-406-1401;Corporate;;Manila;National Capital;Philippines;Southeastern Asia;Asia Pacific;OFF-FA-5467;Office Supplies;Fasteners;OIC Paper Clips, 12 Pack;GlobalSupply Ltd;$205,74;2;0,25;-$5,52;8,92;Online;Desktop;Card;S-004258
45343;WEB-45343;26.11.2024;16.11.2024;AH-10030102;Aaron;Hawkins;1-917-406-1401;Corporate;;Manila;National Capital;Philippines;Southeastern Asia;Asia Pacific;OFF-FA-3056;Office Supplies;Fasteners;Advantus Push Pins, Bulk Pack;GreenField Distributors;$7,85;2;0,45;-$0,61;1,66;Online;Tablet;Wallet;S-004259
45344;WEB-45344;11.01.2025;14.11.2024;AH-10030102;Aaron;Hawkins;1-917-406-1401;Corporate;;Manila;National Capital;Philippines;Southeastern Asia;Asia Pacific;TEC-AC-5099;Technology;Accessories;Logitech Flash Drive, Bluetooth;TransGlobal Partners;$378,90;3;0,35;$69,93;23,9;Online;Mobile;PayPal;S-004260
45496;WEB-45496;23.11.2023;31.08.2023;AS-1004559;Aaron;Smayling;1-841-357-2499;Corporate;;Probolinggo;Jawa Timur;Indonesia;Southeastern Asia;Asia Pacific;OFF-AR-6108;Office Supplies;Art;Stanley Canvas, Water Color;Universal Trade Co;$670,14;2;0,27;-$128,52;70,45;Online;Tablet;Card;S-004412
46415;WEB-46415;28.02.2023;12.12.2022;AH-1003059;Aaron;Hawkins;1-917-406-1401;Corporate;;Jakarta;Jakarta;Indonesia;Southeastern Asia;Asia Pacific;FUR-BO-3626;Furniture;Bookcases;Bush Classic Bookcase, Pine;CrossBorder Supply;$492,42;5;0,27;$13,47;34,07;Online;Tablet;Card;S-005331
46513;WEB-46513;25.06.2022;03.06.2022;AS-100457;Aaron;Smayling;1-841-357-2499;Corporate;;Coffs Harbour;New South Wales;Australia;Oceania;Asia Pacific;FUR-CH-5802;Furniture;Chairs;SAFCO Steel Folding Chair, Red;WorldConnect Trade;$883,71;6;0,1;$353,43;40,99;Online;Tablet;Wallet;S-005429
46620;WEB-46620;08.03.2024;31.12.2023;AB-10015130;Aaron;Bergman;1-237-970-5378;Consumer;;Bangkok;Bangkok;Thailand;Southeastern Asia;Asia Pacific;FUR-CH-4704;Furniture;Chairs;Hon Swivel Stool, Set of Two;SmartLogistics Ltd;$23,31;4;0,17;-$4,29;1,54;Online;Mobile;Wallet;S-005536
46621;WEB-46621;31.01.2024;24.12.2023;AB-10015130;Aaron;Bergman;1-237-970-5378;Consumer;;Bangkok;Bangkok;Thailand;Southeastern Asia;Asia Pacific;TEC-CO-4775;Technology;Copiers;HP Fax Machine, High-Speed;EastBridge Commerce;$402,65;2;0,37;$12,77;29,09;Online;Mobile;Card;S-005537
46622;WEB-46622;05.02.2024;25.12.2023;AB-10015130;Aaron;Bergman;1-237-970-5378;Consumer;;Bangkok;Bangkok;Thailand;Southeastern Asia;Asia Pacific;FUR-BO-3631;Furniture;Bookcases;Bush Corner Shelving, Traditional;SmartLogistics Ltd;$561,54;7;0,27;$0,00;34,26;Online;Tablet;Wallet;S-005538
46623;WEB-46623;07.02.2024;25.12.2023;AB-10015130;Aaron;Bergman;1-237-970-5378;Consumer;;Bangkok;Bangkok;Thailand;Southeastern Asia;Asia Pacific;OFF-AR-6107;Office Supplies;Art;Stanley Canvas, Fluorescent;WestLine Imports;$241,28;2;0,37;-$68,98;18,17;Online;Mobile;Card;S-005539
46624;WEB-46624;26.02.2024;28.12.2023;AB-10015130;Aaron;Bergman;1-237-970-5378;Consumer;;Bangkok;Bangkok;Thailand;Southeastern Asia;Asia Pacific;OFF-AR-3527;Office Supplies;Art;Boston Canvas, Fluorescent;WorldConnect Trade;$123,50;2;0,17;$20,78;7,79;Online;Desktop;Card;S-005540
46625;WEB-46625;25.02.2024;23.12.2023;AB-10015130;Aaron;Bergman;1-237-970-5378;Consumer;;Bangkok;Bangkok;Thailand;Southeastern Asia;Asia Pacific;OFF-ST-4096;Office Supplies;Storage;Eldon Shelving, Single Width;WorldConnect Trade;$200,94;5;0,17;$4,74;12,67;Online;Desktop;PayPal;S-005541
47122;WEB-47122;29.03.2025;09.02.2025;AB-10015144;Aaron;Bergman;1-237-970-5378;Consumer;;Da Nang;Dà Nang;Vietnam;Southeastern Asia;Asia Pacific;TEC-AC-3396;Technology;Accessories;Belkin Numeric Keypad, Bluetooth;SmartLogistics Ltd;$602,38;4;0,37;$114,70;61,3;Online;Desktop;Wallet;S-006038
47123;WEB-47123;13.04.2025;12.02.2025;AB-10015144;Aaron;Bergman;1-237-970-5378;Consumer;;Da Nang;Dà Nang;Vietnam;Southeastern Asia;Asia Pacific;OFF-LA-4538;Office Supplies;Labels;Harbour Creations Legal Exhibit Labels, Adjustable;EastBridge Commerce;$123,65;2;0,17;-$1,51;9,99;Online;Desktop;PayPal;S-006039
47124;WEB-47124;13.04.2025;06.02.2025;AB-10015144;Aaron;Bergman;1-237-970-5378;Consumer;;Da Nang;Dà Nang;Vietnam;Southeastern Asia;Asia Pacific;FUR-FU-3026;Furniture;Furnishings;Advantus Clock, Erganomic;AsiaTrade Group;$185,60;2;0,37;-$2,98;9,22;Online;Mobile;Wallet;S-006040
47981;WEB-47981;23.05.2024;19.03.2024;AH-1003058;Aaron;Hawkins;1-917-406-1401;Corporate;;Warangal;Telangana;India;Southern Asia;Asia Pacific;OFF-LA-3260;Office Supplies;Labels;Avery Color Coded Labels, 5000 Label Set;NordicSupply AB;$360,24;2;0;$10,80;38,14;Online;Mobile;Card;S-006897
48093;WEB-48093;22.07.2024;20.06.2024;AB-100157;Aaron;Bergman;1-237-970-5378;Consumer;;Mackay;Queensland;Australia;Oceania;Asia Pacific;FUR-FU-5723;Furniture;Furnishings;Rubbermaid Door Stop, Black;SilkRoad Exports;$152,50;2;0,1;$16,90;22,12;Online;Mobile;Wallet;S-007009
48094;WEB-48094;01.07.2024;22.06.2024;AB-100157;Aaron;Bergman;1-237-970-5378;Consumer;;Mackay;Queensland;Australia;Oceania;Asia Pacific;OFF-PA-4146;Office Supplies;Paper;Enermax Cards & Envelopes, Recycled;CrossBorder Supply;$477,58;6;0,1;$169,78;59,77;Online;Mobile;Wallet;S-007010
48095;WEB-48095;24.07.2024;24.06.2024;AB-100157;Aaron;Bergman;1-237-970-5378;Consumer;;Mackay;Queensland;Australia;Oceania;Asia Pacific;OFF-BI-2902;Office Supplies;Binders;Acco Binding Machine, Recycled;SkyWay Trading;$2 046,20;5;0,1;$591,05;432,15;Online;Tablet;Card;S-007011
48096;WEB-48096;30.06.2024;24.06.2024;AB-100157;Aaron;Bergman;1-237-970-5378;Consumer;;Mackay;Queensland;Australia;Oceania;Asia Pacific;OFF-AP-3564;Office Supplies;Appliances;Breville Blender, Silver;GlobalSupply Ltd;$224,05;3;0,1;$49,72;26,13;Online;Tablet;Wallet;S-007012
48097;WEB-48097;26.07.2024;19.06.2024;AB-100157;Aaron;Bergman;1-237-970-5378;Consumer;;Mackay;Queensland;Australia;Oceania;Asia Pacific;OFF-FA-5474;Office Supplies;Fasteners;OIC Push Pins, Metal;PrimeSource Ltd;$12,96;3;0,1;$3,42;1,22;Online;Mobile;PayPal;S-007013
48098;WEB-48098;27.07.2024;27.06.2024;AB-100157;Aaron;Bergman;1-237-970-5378;Consumer;;Mackay;Queensland;Australia;Oceania;Asia Pacific;TEC-PH-3786;Technology;Phones;Cisco Audio Dock, VoIP;TransGlobal Partners;$448,58;3;0,1;$174,44;49,04;Online;Mobile;PayPal;S-007014
48099;WEB-48099;03.08.2024;19.06.2024;AB-100157;Aaron;Bergman;1-237-970-5378;Consumer;;Mackay;Queensland;Australia;Oceania;Asia Pacific;OFF-AP-4748;Office Supplies;Appliances;Hoover Toaster, Silver;AsiaTrade Group;$88,97;5;0,1;$14,72;14,53;Online;Mobile;Wallet;S-007015
49416;WEB-49416;30.07.2025;22.06.2025;AB-1001559;Aaron;Bergman;1-237-970-5378;Consumer;;Palembang;Sumatera Selatan;Indonesia;Southeastern Asia;Asia Pacific;TEC-AC-5198;Technology;Accessories;Memorex Froggy Flash Drive 8 GB;NordicSupply AB;$67,89;4;0,27;-$8,43;7,99;Online;Mobile;Wallet;S-008332
49417;WEB-49417;03.08.2025;19.06.2025;AB-1001559;Aaron;Bergman;1-237-970-5378;Consumer;;Palembang;Sumatera Selatan;Indonesia;Southeastern Asia;Asia Pacific;TEC-AC-5215;Technology;Accessories;Memorex Mini Travel Drive 8 GB USB 2.0 Flash Drive;UrbanGoods Co;$10,59;3;0,47;-$3,27;1,39;Online;Mobile;PayPal;S-008333
49418;WEB-49418;06.08.2025;25.06.2025;AB-1001559;Aaron;Bergman;1-237-970-5378;Consumer;;Palembang;Sumatera Selatan;Indonesia;Southeastern Asia;Asia Pacific;FUR-CH-4613;Furniture;Chairs;Hon 2090 “Pillow Soft” Series Mid Back Swivel/Tilt Chairs;GlobalSupply Ltd;$372,91;12;0,27;$101,83;53,07;Online;Tablet;Card;S-008334
49419;WEB-49419;04.09.2025;25.06.2025;AB-1001559;Aaron;Bergman;1-237-970-5378;Consumer;;Palembang;Sumatera Selatan;Indonesia;Southeastern Asia;Asia Pacific;FUR-CH-4618;Furniture;Chairs;Hon 4070 Series Pagoda Armless Upholstered Stacking Chairs;Pacific Traders;$72,71;5;0,17;$15,71;7,75;Online;Tablet;PayPal;S-008335
49420;WEB-49420;19.07.2025;19.06.2025;AB-1001559;Aaron;Bergman;1-237-970-5378;Consumer;;Palembang;Sumatera Selatan;Indonesia;Southeastern Asia;Asia Pacific;TEC-AC-5198;Technology;Accessories;Memorex Froggy Flash Drive 8 GB;NordicSupply AB;$50,37;4;0,47;$2,85;2,81;Online;Tablet;Wallet;S-008336
49421;WEB-49421;07.08.2025;17.06.2025;AB-1001559;Aaron;Bergman;1-237-970-5378;Consumer;;Palembang;Sumatera Selatan;Indonesia;Southeastern Asia;Asia Pacific;TEC-PH-3161;Technology;Phones;AT&T 1080 Corded phone;AsiaTrade Group;$25,85;2;0,17;$5,57;2,65;Online;Desktop;PayPal;S-008337
49484;WEB-49484;02.08.2024;18.07.2024;AB-1001558;Aaron;Bergman;1-237-970-5378;Consumer;;Hyderabad;Telangana;India;Southern Asia;Asia Pacific;OFF-AR-5305;Office Supplies;Art;Newell 327;SmartLogistics Ltd;$93,51;3;0;$2,79;12,43;Online;Mobile;Wallet;S-008400
49485;WEB-49485;08.09.2024;16.07.2024;AB-1001558;Aaron;Bergman;1-237-970-5378;Consumer;;Hyderabad;Telangana;India;Southern Asia;Asia Pacific;OFF-PA-6555;Office Supplies;Paper;Xerox 1996;EastBridge Commerce;$566,40;4;0;$135,84;88,98;Online;Tablet;Wallet;S-008401
49486;WEB-49486;09.05.2024;08.02.2024;AH-1003059;Aaron;Hawkins;1-917-406-1401;Corporate;;Depok;Yogyakarta;Indonesia;Southeastern Asia;Asia Pacific;OFF-PA-6576;Office Supplies;Paper;Xerox 213;EastBridge Commerce;$70,76;5;0,47;$2,66;19,96;Online;Tablet;PayPal;S-008402
49487;WEB-49487;18.05.2024;12.02.2024;AH-1003059;Aaron;Hawkins;1-917-406-1401;Corporate;;Depok;Yogyakarta;Indonesia;Southeastern Asia;Asia Pacific;OFF-AR-4010;Office Supplies;Art;"Eberhard Faber 3 1/2"" Golf Pencils";CrossBorder Supply;$108,41;2;0,27;-$38,66;18,98;Online;Desktop;Wallet;S-008403
50951;WEB-50951;11.04.2024;08.03.2024;AH-1003066;Aaron;Hawkins;1-917-406-1401;Corporate;;Yokkaichi;Mie;Japan;Eastern Asia;Asia Pacific;OFF-ST-4250;Office Supplies;Storage;Fellowes Box, Blue;NordicSupply AB;$478,80;6;0;$86,04;21,85;Online;Desktop;Card;S-009867
50952;WEB-50952;22.03.2024;05.03.2024;AH-1003066;Aaron;Hawkins;1-917-406-1401;Corporate;;Yokkaichi;Mie;Japan;Eastern Asia;Asia Pacific;OFF-AR-3454;Office Supplies;Art;BIC Highlighters, Water Color;TransGlobal Partners;$1 931,94;3;0;$734,13;71,46;Online;Tablet;PayPal;S-009868
52043;WEB-52043;02.12.2022;12.11.2022;AS-10045113;Aaron;Smayling;1-841-357-2499;Corporate;;Singapore;Singapore;Singapore;Southeastern Asia;Asia Pacific;OFF-EN-4445;Office Supplies;Envelopes;GlobeWeis Mailers, Set of 50;InnovaSupply;$251,37;9;0;$27,54;38,36;Online;Mobile;Card;S-010959
52132;WEB-52132;05.01.2026;14.10.2025;AS-1004559;Aaron;Smayling;1-841-357-2499;Corporate;;Samarinda;Kalimantan Timur;Indonesia;Southeastern Asia;Asia Pacific;OFF-LA-6036;Office Supplies;Labels;Smead File Folder Labels, Alphabetical;AsiaTrade Group;$23,17;2;0,27;$0,31;1,42;Online;Tablet;Card;S-011048
52382;WEB-52382;09.03.2025;28.02.2025;AS-1004559;Aaron;Smayling;1-841-357-2499;Corporate;;Surabaya;Jawa Timur;Indonesia;Southeastern Asia;Asia Pacific;OFF-ST-4294;Office Supplies;Storage;Fellowes Trays, Industrial;SkyWay Trading;$227,89;2;0,07;$4,87;19,29;Online;Tablet;Card;S-011298
53626;WEB-53626;07.08.2025;14.05.2025;AS-10045134;Aaron;Smayling;1-841-357-2499;Corporate;;Bagcilar;Istanbul;Turkey;Western Asia;Asia Pacific;FUR-BO-3897;Furniture;Bookcases;Dania Floating Shelf Set, Metal;NordicSupply AB;$86,93;2;0,6;-$126,07;8,76;Online;Mobile;Wallet;S-012542
53627;WEB-53627;30.06.2025;08.05.2025;AS-10045134;Aaron;Smayling;1-841-357-2499;Corporate;;Bagcilar;Istanbul;Turkey;Western Asia;Asia Pacific;OFF-PA-4159;Office Supplies;Paper;Enermax Memo Slips, 8.5 x 11;SmartLogistics Ltd;$21,17;1;0,6;-$7,42;1,82;Online;Desktop;Wallet;S-012543
53628;WEB-53628;07.06.2025;15.05.2025;AS-10045134;Aaron;Smayling;1-841-357-2499;Corporate;;Bagcilar;Istanbul;Turkey;Western Asia;Asia Pacific;FUR-BO-3904;Furniture;Bookcases;Dania Library with Doors, Traditional;InnovaSupply;$76,45;1;0,6;-$87,95;9,12;Online;Tablet;PayPal;S-012544
53629;WEB-53629;19.08.2025;07.05.2025;AS-10045134;Aaron;Smayling;1-841-357-2499;Corporate;;Bagcilar;Istanbul;Turkey;Western Asia;Asia Pacific;OFF-FA-3072;Office Supplies;Fasteners;Advantus Thumb Tacks, 12 Pack;PrimeSource Ltd;$154,34;2;0,6;-$138,94;4,13;Online;Mobile;Wallet;S-012545
53630;WEB-53630;14.08.2025;16.05.2025;AS-10045134;Aaron;Smayling;1-841-357-2499;Corporate;;Bagcilar;Istanbul;Turkey;Western Asia;Asia Pacific;OFF-PA-3996;Office Supplies;Paper;Eaton Memo Slips, Premium;WestLine Imports;$21,31;1;0,6;-$5,33;2,31;Online;Tablet;Wallet;S-012546
53631;WEB-53631;04.08.2025;14.05.2025;AS-10045134;Aaron;Smayling;1-841-357-2499;Corporate;;Bagcilar;Istanbul;Turkey;Western Asia;Asia Pacific;FUR-CH-5411;Furniture;Chairs;Novimex Swivel Stool, Adjustable;TransGlobal Partners;$20,22;1;0,6;-$24,78;1,44;Online;Tablet;PayPal;S-012547
56281;WEB-56281;14.05.2025;01.02.2025;AS-10045139;Aaron;Smayling;1-841-357-2499;Corporate;;Leeds;England;United Kingdom;Northern Europe;Europe;OFF-BI-3246;Office Supplies;Binders;Avery Binder Covers, Clear;WorldConnect Trade;$79,20;3;0;$39,60;12,95;Online;Mobile;PayPal;S-015197
56282;WEB-56282;03.05.2025;05.02.2025;AS-10045139;Aaron;Smayling;1-841-357-2499;Corporate;;Leeds;England;United Kingdom;Northern Europe;Europe;OFF-BI-3252;Office Supplies;Binders;Avery Binder, Durable;Universal Trade Co;$388,92;7;0;$0,00;78,74;Online;Desktop;PayPal;S-015198
56283;WEB-56283;28.04.2025;10.02.2025;AS-10045139;Aaron;Smayling;1-841-357-2499;Corporate;;Leeds;England;United Kingdom;Northern Europe;Europe;FUR-BO-3629;Furniture;Bookcases;Bush Corner Shelving, Mobile;BlueOcean Supply;$35,19;3;0;$16,11;3,52;Online;Tablet;Card;S-015199
56284;WEB-56284;09.03.2025;06.02.2025;AS-10045139;Aaron;Smayling;1-841-357-2499;Corporate;;Leeds;England;United Kingdom;Northern Europe;Europe;TEC-PH-5829;Technology;Phones;Samsung Office Telephone, Cordless;WorldConnect Trade;$50,94;2;0;$13,20;7,34;Online;Tablet;Wallet;S-015200
56285;WEB-56285;11.03.2025;07.02.2025;AS-10045139;Aaron;Smayling;1-841-357-2499;Corporate;;Leeds;England;United Kingdom;Northern Europe;Europe;OFF-ST-6262;Office Supplies;Storage;Tenex Lockers, Industrial;InnovaSupply;$307,44;3;0;$73,71;48,9;Online;Desktop;PayPal;S-015201
56286;WEB-56286;12.05.2025;03.02.2025;AS-10045139;Aaron;Smayling;1-841-357-2499;Corporate;;Leeds;England;United Kingdom;Northern Europe;Europe;OFF-BI-3736;Office Supplies;Binders;Cardinal Hole Reinforcements, Recycled;Universal Trade Co;$122,40;2;0;$37,92;17,63;Online;Mobile;PayPal;S-015202
56287;WEB-56287;28.02.2025;09.02.2025;AS-10045139;Aaron;Smayling;1-841-357-2499;Corporate;;Leeds;England;United Kingdom;Northern Europe;Europe;OFF-BI-2883;Office Supplies;Binders;Acco 3-Hole Punch, Economy;WestLine Imports;$413,82;3;0;$20,61;39,87;Online;Mobile;Card;S-015203
57279;WEB-57279;13.09.2022;26.06.2022;AS-1004545;Aaron;Smayling;1-841-357-2499;Corporate;;Mont-de-Marsan;Aquitaine-Limousin-Poitou-Charentes;France;Western Europe;Europe;OFF-ST-6067;Office Supplies;Storage;Smead Trays, Single Width;Atlantic Logistics;$88,83;3;0;$31,05;4,23;Online;Mobile;Wallet;S-016195
57584;WEB-57584;03.04.2025;25.01.2025;AS-1004564;Aaron;Smayling;1-841-357-2499;Corporate;;Brescia;Lombardy;Italy;Southern Europe;Europe;FUR-BO-5768;Furniture;Bookcases;Safco Corner Shelving, Metal;PrimeSource Ltd;$44,40;4;0;$10,56;1,9;Online;Mobile;Card;S-016500
57790;WEB-57790;21.04.2023;09.02.2023;AS-1004564;Aaron;Smayling;1-841-357-2499;Corporate;;Genoa;Liguria;Italy;Southern Europe;Europe;OFF-FA-3073;Office Supplies;Fasteners;Advantus Thumb Tacks, Assorted Sizes;SilkRoad Exports;$30,30;2;0;$3,60;6,41;Online;Tablet;Wallet;S-016706
57806;WEB-57806;04.05.2025;07.02.2025;AB-1001545;Aaron;Bergman;1-237-970-5378;Consumer;;Vincennes;Ile-de-France;France;Western Europe;Europe;TEC-PH-3806;Technology;Phones;Cisco Smart Phone, Full Size;BlueOcean Supply;$1 822,54;6;0,15;$385,78;110,48;Online;Mobile;Wallet;S-016722
57807;WEB-57807;07.04.2025;13.02.2025;AB-1001545;Aaron;Bergman;1-237-970-5378;Consumer;;Vincennes;Ile-de-France;France;Western Europe;Europe;OFF-ST-4285;Office Supplies;Storage;Fellowes Shelving, Wire Frame;TransGlobal Partners;$12,00;1;0;$0,48;1,51;Online;Tablet;Wallet;S-016723
58396;WEB-58396;09.12.2023;22.09.2023;AS-1004545;Aaron;Smayling;1-841-357-2499;Corporate;;Faches-Thumesnil;Nord-Pas-de-Calais-Picardie;France;Western Europe;Europe;OFF-ST-6026;Office Supplies;Storage;Smead Box, Wire Frame;CrossBorder Supply;$40,32;3;0;$6,84;1,76;Online;Tablet;PayPal;S-017312
58654;WEB-58654;07.11.2022;29.08.2022;AB-1001564;Aaron;Bergman;1-237-970-5378;Consumer;;Vicenza;Veneto;Italy;Southern Europe;Europe;FUR-CH-4697;Furniture;Chairs;Hon Steel Folding Chair, Adjustable;CrossBorder Supply;$75,96;4;0;$9,00;9,1;Online;Mobile;Card;S-017570
58655;WEB-58655;14.11.2022;26.08.2022;AB-1001564;Aaron;Bergman;1-237-970-5378;Consumer;;Vicenza;Veneto;Italy;Southern Europe;Europe;OFF-PA-6613;Office Supplies;Paper;Xerox Message Books, 8.5 x 11;Atlantic Logistics;$80,10;3;0;$33,57;11,08;Online;Mobile;Wallet;S-017571
58822;WEB-58822;18.04.2023;09.03.2023;AB-1001548;Aaron;Bergman;1-237-970-5378;Consumer;;Viersen;North Rhine-Westphalia;Germany;Western Europe;Europe;OFF-SU-4138;Office Supplies;Supplies;Elite Trimmer, Steel;AsiaTrade Group;$115,38;6;0;$25,38;5,9;Online;Mobile;Wallet;S-017738
58823;WEB-58823;06.06.2023;17.03.2023;AB-1001548;Aaron;Bergman;1-237-970-5378;Consumer;;Viersen;North Rhine-Westphalia;Germany;Western Europe;Europe;FUR-CH-4700;Furniture;Chairs;Hon Steel Folding Chair, Set of Two;PrimeSource Ltd;$239,76;2;0,1;$21,30;16,55;Online;Tablet;Card;S-017739
58824;WEB-58824;01.04.2023;11.03.2023;AB-1001548;Aaron;Bergman;1-237-970-5378;Consumer;;Viersen;North Rhine-Westphalia;Germany;Western Europe;Europe;OFF-EN-3656;Office Supplies;Envelopes;Cameo Business Envelopes, Set of 50;InnovaSupply;$157,23;3;0;$10,98;15,35;Online;Desktop;PayPal;S-017740
58825;WEB-58825;20.05.2023;08.03.2023;AB-1001548;Aaron;Bergman;1-237-970-5378;Consumer;;Viersen;North Rhine-Westphalia;Germany;Western Europe;Europe;OFF-ST-6047;Office Supplies;Storage;Smead Lockers, Industrial;InnovaSupply;$95,42;2;0,1;$32,84;9,98;Online;Tablet;Card;S-017741
59634;WEB-59634;19.12.2025;13.09.2025;AS-10045124;Aaron;Smayling;1-841-357-2499;Corporate;;Stockholm;Stockholm;Sweden;Northern Europe;Europe;TEC-PH-5621;Technology;Phones;Polycom CX600 IP Phone VoIP phone;PrimeSource Ltd;$4,08;1;0,5;-$2,94;1,26;Online;Mobile;Card;S-018550
59635;WEB-59635;22.09.2025;14.09.2025;AS-10045124;Aaron;Smayling;1-841-357-2499;Corporate;;Stockholm;Stockholm;Sweden;Northern Europe;Europe;OFF-EN-4430;Office Supplies;Envelopes;Globe Weis Peel & Seel First Class Envelopes;WorldConnect Trade;$72,99;1;0,5;-$7,32;5,17;Online;Tablet;PayPal;S-018551
60393;WEB-60393;18.11.2023;09.10.2023;AS-10045120;Aaron;Smayling;1-841-357-2499;Corporate;;Fuenlabrada;Madrid;Spain;Southern Europe;Europe;OFF-FA-6129;Office Supplies;Fasteners;Staples;Atlantic Logistics;$71,10;5;0;$1,35;7,06;Online;Mobile;Wallet;S-019309
60742;WEB-60742;24.12.2024;18.10.2024;AH-10030139;Aaron;Hawkins;1-917-406-1401;Corporate;;Chesterfield;England;United Kingdom;Northern Europe;Europe;OFF-PA-6448;Office Supplies;Paper;Xerox 1898;CrossBorder Supply;$53,40;2;0;$14,94;5,85;Online;Desktop;PayPal;S-019658
61392;WEB-61392;11.12.2025;07.09.2025;AH-1003048;Aaron;Hawkins;1-917-406-1401;Corporate;;Solingen;North Rhine-Westphalia;Germany;Western Europe;Europe;OFF-BI-3294;Office Supplies;Binders;Avery Index Tab, Durable;CrossBorder Supply;$166,05;3;0;$26,55;12,47;Online;Mobile;Wallet;S-020308
61393;WEB-61393;09.12.2025;04.09.2025;AH-1003048;Aaron;Hawkins;1-917-406-1401;Corporate;;Solingen;North Rhine-Westphalia;Germany;Western Europe;Europe;OFF-AR-3494;Office Supplies;Art;Binney & Smith Pencil Sharpener, Water Color;BlueOcean Supply;$117,12;4;0;$52,68;9,41;Online;Mobile;PayPal;S-020309
61957;WEB-61957;11.03.2025;08.02.2025;AB-10015139;Aaron;Bergman;1-237-970-5378;Consumer;;Bognor Regis;England;United Kingdom;Northern Europe;Europe;OFF-BI-6379;Office Supplies;Binders;Wilson Jones Binder, Durable;Universal Trade Co;$174,96;3;0;$76,95;35,97;Online;Mobile;PayPal;S-020873
62155;WEB-62155;28.03.2022;19.03.2022;AS-10045125;Aaron;Smayling;1-841-357-2499;Corporate;;Basel;Basel-Stadt;Switzerland;Western Europe;Europe;OFF-AR-3476;Office Supplies;Art;Binney & Smith Canvas, Easy-Erase;CrossBorder Supply;$26,40;2;0;$0,48;1,52;Online;Desktop;PayPal;S-021071
62603;WEB-62603;14.01.2026;13.12.2025;AS-1004545;Aaron;Smayling;1-841-357-2499;Corporate;;Le Cannet;Provence-Alpes-Côte d'Azur;France;Western Europe;Europe;TEC-AC-5883;Technology;Accessories;SanDisk Mouse, USB;EuroImport GmbH;$44,52;4;0;$16,44;4,06;Online;Tablet;Wallet;S-021519
62604;WEB-62604;08.02.2026;11.12.2025;AS-1004545;Aaron;Smayling;1-841-357-2499;Corporate;;Le Cannet;Provence-Alpes-Côte d'Azur;France;Western Europe;Europe;FUR-CH-5368;Furniture;Chairs;Novimex Bag Chairs, Red;PrimeSource Ltd;$2 070,00;8;0;$82,80;126,1;Online;Tablet;PayPal;S-021520
62605;WEB-62605;06.02.2026;13.12.2025;AS-1004545;Aaron;Smayling;1-841-357-2499;Corporate;;Le Cannet;Provence-Alpes-Côte d'Azur;France;Western Europe;Europe;OFF-ST-6059;Office Supplies;Storage;Smead Shelving, Single Width;InnovaSupply;$1 022,22;2;0,1;-$22,74;88,93;Online;Mobile;Wallet;S-021521
62606;WEB-62606;08.03.2026;05.12.2025;AS-1004545;Aaron;Smayling;1-841-357-2499;Corporate;;Le Cannet;Provence-Alpes-Côte d'Azur;France;Western Europe;Europe;FUR-FU-3948;Furniture;Furnishings;Deflect-O Light Bulb, Durable;SmartLogistics Ltd;$555,74;9;0,1;$154,25;5,95;Online;Tablet;PayPal;S-021522
62607;WEB-62607;23.02.2026;06.12.2025;AS-1004545;Aaron;Smayling;1-841-357-2499;Corporate;;Le Cannet;Provence-Alpes-Côte d'Azur;France;Western Europe;Europe;OFF-BI-3733;Office Supplies;Binders;Cardinal Hole Reinforcements, Clear;GreenField Distributors;$95,85;3;0;$35,46;4,47;Online;Desktop;PayPal;S-021523
62724;WEB-62724;02.03.2023;20.12.2022;AS-1004548;Aaron;Smayling;1-841-357-2499;Corporate;;Duisburg;North Rhine-Westphalia;Germany;Western Europe;Europe;FUR-FU-6276;Furniture;Furnishings;Tenex Stacking Tray, Black;Universal Trade Co;$99,48;2;0;$23,82;13,28;Online;Mobile;PayPal;S-021640
62725;WEB-62725;02.01.2023;22.12.2022;AS-1004548;Aaron;Smayling;1-841-357-2499;Corporate;;Duisburg;North Rhine-Westphalia;Germany;Western Europe;Europe;FUR-CH-5414;Furniture;Chairs;Novimex Swivel Stool, Set of Two;WorldConnect Trade;$82,94;4;0,1;$1,82;1,67;Online;Mobile;Card;S-021641
63233;WEB-63233;05.12.2024;14.10.2024;AB-1001545;Aaron;Bergman;1-237-970-5378;Consumer;;Marseille;Provence-Alpes-Côte d'Azur;France;Western Europe;Europe;FUR-CH-5412;Furniture;Chairs;Novimex Swivel Stool, Black;TransGlobal Partners;$111,08;3;0,15;$27,38;24,11;Online;Mobile;Card;S-022149
63234;WEB-63234;05.12.2024;14.10.2024;AB-1001545;Aaron;Bergman;1-237-970-5378;Consumer;;Marseille;Provence-Alpes-Côte d'Azur;France;Western Europe;Europe;TEC-CO-4568;Technology;Copiers;Hewlett Copy Machine, Color;GlobalSupply Ltd;$632,04;6;0,15;$7,26;216,8;Online;Mobile;Wallet;S-022150
63315;WEB-63315;30.04.2025;22.04.2025;AB-1001564;Aaron;Bergman;1-237-970-5378;Consumer;;Casoria;Campania;Italy;Southern Europe;Europe;OFF-SU-4980;Office Supplies;Supplies;Kleencut Letter Opener, Steel;SmartLogistics Ltd;$21,60;2;0;$10,80;2,03;Online;Mobile;Wallet;S-022231
63316;WEB-63316;12.05.2025;22.04.2025;AB-1001564;Aaron;Bergman;1-237-970-5378;Consumer;;Casoria;Campania;Italy;Southern Europe;Europe;OFF-PA-4001;Office Supplies;Paper;Eaton Message Books, Recycled;EastBridge Commerce;$1 543,44;8;0;$370,32;110,96;Online;Desktop;PayPal;S-022232
63339;WEB-63339;04.06.2022;31.03.2022;AB-10015139;Aaron;Bergman;1-237-970-5378;Consumer;;Edinburgh;Scotland;United Kingdom;Northern Europe;Europe;OFF-LA-4554;Office Supplies;Labels;Harbour Creations Shipping Labels, Alphabetical;TransGlobal Partners;$32,40;3;0;$16,20;3,09;Online;Tablet;PayPal;S-022255
63340;WEB-63340;11.04.2022;02.04.2022;AB-10015139;Aaron;Bergman;1-237-970-5378;Consumer;;Edinburgh;Scotland;United Kingdom;Northern Europe;Europe;FUR-CH-4684;Furniture;Chairs;Hon Rocking Chair, Set of Two;Atlantic Logistics;$50,70;2;0;$13,68;10,03;Online;Tablet;Card;S-022256
63556;WEB-63556;26.02.2025;15.11.2024;AH-10030139;Aaron;Hawkins;1-917-406-1401;Corporate;;West Bromwich;England;United Kingdom;Northern Europe;Europe;OFF-EN-4438;Office Supplies;Envelopes;GlobeWeis Clasp Envelope, with clear poly window;Atlantic Logistics;$144,75;5;0;$20,25;10,32;Online;Desktop;Card;S-022472
63674;WEB-63674;05.03.2026;02.12.2025;AH-1003014;Aaron;Hawkins;1-917-406-1401;Corporate;;Ghent;East Flanders;Belgium;Western Europe;Europe;OFF-ST-6031;Office Supplies;Storage;Smead File Cart, Blue;SkyWay Trading;$1 590,66;6;0;$540,72;122,96;Online;Tablet;PayPal;S-022590
63732;WEB-63732;03.08.2022;14.06.2022;AH-1003045;Aaron;Hawkins;1-917-406-1401;Corporate;;Maisons-Alfort;Ile-de-France;France;Western Europe;Europe;TEC-MA-5021;Technology;Machines;Konica Receipt Printer, Wireless;Atlantic Logistics;$523,97;2;0,15;-$24,67;28,61;Online;Desktop;Wallet;S-022648
63733;WEB-63733;17.09.2022;14.06.2022;AH-1003045;Aaron;Hawkins;1-917-406-1401;Corporate;;Maisons-Alfort;Ile-de-France;France;Western Europe;Europe;OFF-SU-2965;Office Supplies;Supplies;Acme Box Cutter, Easy Grip;PrimeSource Ltd;$210,24;8;0;$42,00;18,7;Online;Desktop;Card;S-022649
63798;WEB-63798;03.03.2024;31.12.2023;AS-10045139;Aaron;Smayling;1-841-357-2499;Corporate;;Chester;England;United Kingdom;Northern Europe;Europe;FUR-TA-3420;Furniture;Tables;Bevis Conference Table, Fully Assembled;GreenField Distributors;$164,34;6;0;$54,18;7,29;Online;Desktop;Wallet;S-022714
64459;WEB-64459;20.08.2023;15.07.2023;AH-1003019;Aaron;Hawkins;1-917-406-1401;Corporate;;Pazardzhik;Pazardzhik;Bulgaria;Eastern Europe;Europe;OFF-ST-5691;Office Supplies;Storage;Rogers File Cart, Blue;GreenField Distributors;$17,34;1;0;$4,68;1,29;Online;Desktop;PayPal;S-023375
64460;WEB-64460;14.10.2023;21.07.2023;AH-1003019;Aaron;Hawkins;1-917-406-1401;Corporate;;Pazardzhik;Pazardzhik;Bulgaria;Eastern Europe;Europe;TEC-PH-5841;Technology;Phones;Samsung Smart Phone, VoIP;EastBridge Commerce;$176,43;1;0;$17,64;12,7;Online;Tablet;Card;S-023376
64826;WEB-64826;13.11.2024;15.08.2024;AB-15137;Aaron;Bergman;1-237-970-5378;Consumer;;Berdyans'k;Zaporizhzhya;Ukraine;Eastern Europe;Europe;TEC-AC-3405;Technology;Accessories;Belkin Router, USB;SkyWay Trading;$220,08;2;0;$17,58;13,93;Online;Mobile;PayPal;S-023742
64827;WEB-64827;05.10.2024;14.08.2024;AB-15137;Aaron;Bergman;1-237-970-5378;Consumer;;Berdyans'k;Zaporizhzhya;Ukraine;Eastern Europe;Europe;OFF-AR-3498;Office Supplies;Art;Binney & Smith Pens, Water Color;GlobalSupply Ltd;$13,11;1;0;$0,90;1,84;Online;Desktop;PayPal;S-023743
64828;WEB-64828;25.08.2024;11.08.2024;AB-15137;Aaron;Bergman;1-237-970-5378;Consumer;;Berdyans'k;Zaporizhzhya;Ukraine;Eastern Europe;Europe;FUR-TA-3771;Furniture;Tables;Chromcraft Round Table, Rectangular;EuroImport GmbH;$2 109,36;8;0;$527,28;54,79;Online;Tablet;Wallet;S-023744
65006;WEB-65006;01.09.2024;30.05.2024;AH-10030103;Aaron;Hawkins;1-917-406-1401;Corporate;;Gdansk;Pomerania;Poland;Eastern Europe;Europe;OFF-BI-4824;Office Supplies;Binders;Ibico Hole Reinforcements, Durable;NordicSupply AB;$28,56;2;0;$14,28;3,32;Online;Tablet;PayPal;S-023922
66152;WEB-66152;13.04.2025;15.01.2025;AB-1001593;Aaron;Bergman;1-237-970-5378;Consumer;;León;León;Nicaragua;Central America;LATAM;OFF-ST-4284;Office Supplies;Storage;Fellowes Shelving, Single Width;CrossBorder Supply;$343,80;2;0;$106,56;21,42;Online;Desktop;PayPal;S-025068
66153;WEB-66153;04.03.2025;16.01.2025;AB-1001593;Aaron;Bergman;1-237-970-5378;Consumer;;León;León;Nicaragua;Central America;LATAM;FUR-FU-5731;Furniture;Furnishings;Rubbermaid Light Bulb, Black;SkyWay Trading;$225,24;3;0;$58,56;30,553;Online;Desktop;Wallet;S-025069
67331;WEB-67331;03.07.2025;29.05.2025;AS-1004528;Aaron;Smayling;1-841-357-2499;Corporate;;Neiva;Huila;Colombia;South America;LATAM;FUR-BO-5763;Furniture;Bookcases;Safco Classic Bookcase, Traditional;WestLine Imports;$78,84;3;0;$18,12;5,263;Online;Desktop;Card;S-026247
67332;WEB-67332;23.08.2025;23.05.2025;AS-1004528;Aaron;Smayling;1-841-357-2499;Corporate;;Neiva;Huila;Colombia;South America;LATAM;TEC-PH-5337;Technology;Phones;Nokia Audio Dock, VoIP;UrbanGoods Co;$58,48;2;0;$27,48;5,038;Online;Mobile;PayPal;S-026248
68523;WEB-68523;21.08.2025;23.07.2025;AH-100305;Aaron;Hawkins;1-917-406-1401;Corporate;;San Luis;San Luis;Argentina;South America;LATAM;FUR-CH-4524;Furniture;Chairs;Harbour Creations Chairmat, Red;TransGlobal Partners;$167,50;7;0,4;-$5,68;14,102;Online;Desktop;PayPal;S-027439
68993;WEB-68993;09.02.2026;15.12.2025;AB-1001539;Aaron;Bergman;1-237-970-5378;Consumer;;Apopa;San Salvador;El Salvador;Central America;LATAM;OFF-PA-4000;Office Supplies;Paper;Eaton Message Books, Premium;CrossBorder Supply;$151,20;6;0;$75,60;10,786;Online;Mobile;Wallet;S-027909
68994;WEB-68994;11.02.2026;16.12.2025;AB-1001539;Aaron;Bergman;1-237-970-5378;Consumer;;Apopa;San Salvador;El Salvador;Central America;LATAM;TEC-AC-5861;Technology;Accessories;SanDisk Flash Drive, Erganomic;CrossBorder Supply;$610,60;2;0;$238,12;57,833;Online;Tablet;Card;S-027910
69175;WEB-69175;19.10.2023;16.08.2023;AS-1004598;Aaron;Smayling;1-841-357-2499;Corporate;;Panama City;Panama;Panama;Central America;LATAM;TEC-CO-4767;Technology;Copiers;HP Copy Machine, Laser;EuroImport GmbH;$13,96;1;0,4;-$5,58;1,252;Online;Desktop;PayPal;S-028091
69958;WEB-69958;07.04.2025;05.01.2025;AH-1003051;Aaron;Hawkins;1-917-406-1401;Corporate;;Huehuetenango;Huehuetenango;Guatemala;Central America;LATAM;TEC-AC-3748;Technology;Accessories;Case Logic 2.4GHz Wireless Keyboard;SkyWay Trading;$234,92;2;0;$28,16;10,729;Online;Desktop;Wallet;S-028874
70150;WEB-70150;12.06.2024;29.05.2024;AB-100155;Aaron;Bergman;1-237-970-5378;Consumer;;Avellaneda;Santa Fe;Argentina;South America;LATAM;OFF-LA-3205;Office Supplies;Labels;Avery 486;AsiaTrade Group;$21,82;1;0,4;-$11,64;1,942;Online;Desktop;Wallet;S-029066
70151;WEB-70151;04.09.2024;01.06.2024;AB-100155;Aaron;Bergman;1-237-970-5378;Consumer;;Avellaneda;Santa Fe;Argentina;South America;LATAM;TEC-CO-4584;Technology;Copiers;Hewlett Packard 610 Color Digital Copier / Printer;TransGlobal Partners;$59,33;3;0,4;-$19,81;2,325;Online;Mobile;Card;S-029067
70172;WEB-70172;24.12.2022;15.10.2022;AB-1001518;Aaron;Bergman;1-237-970-5378;Consumer;;Barueri;São Paulo;Brazil;South America;LATAM;OFF-AR-3550;Office Supplies;Art;BOSTON Ranger #55 Pencil Sharpener, Black;Universal Trade Co;$61,56;3;0;$22,74;8,917;Online;Tablet;PayPal;S-029088
70740;WEB-70740;21.02.2023;09.02.2023;AB-1001551;Aaron;Bergman;1-237-970-5378;Consumer;;Mixco;Guatemala;Guatemala;Central America;LATAM;OFF-BI-3301;Office Supplies;Binders;Avery Metallic Poly Binders;Universal Trade Co;$50,58;3;0;$11,10;6,616;Online;Mobile;Wallet;S-029656
70741;WEB-70741;20.02.2023;15.02.2023;AB-1001551;Aaron;Bergman;1-237-970-5378;Consumer;;Mixco;Guatemala;Guatemala;Central America;LATAM;OFF-SU-3839;Office Supplies;Supplies;Compact Automatic Electric Letter Opener;SmartLogistics Ltd;$75,36;2;0;$30,12;9,629;Online;Desktop;Card;S-029657
71229;WEB-71229;02.11.2022;24.10.2022;AH-1003051;Aaron;Hawkins;1-917-406-1401;Corporate;;Villa Canales;Guatemala;Guatemala;Central America;LATAM;OFF-LA-5977;Office Supplies;Labels;Self-Adhesive Address Labels for Typewriters with Dispenser Box;GreenField Distributors;$2 120,80;5;0;$275,70;68,303;Online;Desktop;Card;S-030145
72031;WEB-72031;14.12.2024;01.11.2024;AB-1001582;Aaron;Bergman;1-237-970-5378;Consumer;;Monterrey;Nuevo León;Mexico;Central America;LATAM;OFF-BI-2898;Office Supplies;Binders;Acco Binder, Recycled;EastBridge Commerce;$86,42;1;0,2;-$10,80;7,163;Online;Desktop;Card;S-030947
72032;WEB-72032;23.12.2024;29.10.2024;AB-1001582;Aaron;Bergman;1-237-970-5378;Consumer;;Monterrey;Nuevo León;Mexico;Central America;LATAM;OFF-BI-6402;Office Supplies;Binders;Wilson Jones Index Tab, Clear;PrimeSource Ltd;$27,18;3;0;$1,32;1,72;Online;Desktop;Card;S-030948
72881;WEB-72881;07.09.2024;16.07.2024;AB-1001518;Aaron;Bergman;1-237-970-5378;Consumer;;Gaspar;Santa Catarina;Brazil;South America;LATAM;TEC-AC-3398;Technology;Accessories;Belkin Numeric Keypad, USB;SkyWay Trading;$331,92;6;0;$112,80;40,692;Online;Tablet;Wallet;S-031797
72882;WEB-72882;15.09.2024;15.07.2024;AB-1001518;Aaron;Bergman;1-237-970-5378;Consumer;;Gaspar;Santa Catarina;Brazil;South America;LATAM;OFF-PA-3995;Office Supplies;Paper;Eaton Memo Slips, Multicolor;BlueOcean Supply;$247,60;10;0;$61,80;47,997;Online;Desktop;Wallet;S-031798
73589;WEB-73589;31.07.2023;24.05.2023;AS-1004582;Aaron;Smayling;1-841-357-2499;Corporate;;Coyoacán;Distrito Federal;Mexico;Central America;LATAM;TEC-CO-4778;Technology;Copiers;HP Ink, Digital;NordicSupply AB;$15,76;4;0;$3,12;2,11;Online;Tablet;Wallet;S-032505
73590;WEB-73590;28.08.2023;23.05.2023;AS-1004582;Aaron;Smayling;1-841-357-2499;Corporate;;Coyoacán;Distrito Federal;Mexico;Central America;LATAM;FUR-CH-5443;Furniture;Chairs;Office Star Executive Leather Armchair, Red;WorldConnect Trade;$191,88;6;0;$69,00;18,473;Online;Mobile;PayPal;S-032506
73591;WEB-73591;03.08.2023;31.05.2023;AS-1004582;Aaron;Smayling;1-841-357-2499;Corporate;;Coyoacán;Distrito Federal;Mexico;Central America;LATAM;OFF-EN-5032;Office Supplies;Envelopes;Kraft Interoffice Envelope, with clear poly window;CrossBorder Supply;$91,86;1;0;$37,66;3,099;Online;Desktop;Wallet;S-032507
73592;WEB-73592;08.07.2023;28.05.2023;AS-1004582;Aaron;Smayling;1-841-357-2499;Corporate;;Coyoacán;Distrito Federal;Mexico;Central America;LATAM;OFF-AP-3857;Office Supplies;Appliances;Cuisinart Blender, Red;BlueOcean Supply;$328,14;9;0;$85,14;17,191;Online;Tablet;Card;S-032508
75385;WEB-75385;03.08.2025;30.07.2025;AS-100451402;Aaron;Smayling;1-841-357-2499;Corporate;78745.0;Austin;Texas;United States;Central US;USCA;TEC-PH-3796;Technology;Phones;Cisco Office Telephone, Cordless;Atlantic Logistics;$1 439,98;3;0,4;-$264,00;103,62;Online;Tablet;Card;S-034301
75386;WEB-75386;05.09.2025;05.08.2025;AS-100451402;Aaron;Smayling;1-841-357-2499;Corporate;78745.0;Austin;Texas;United States;Central US;USCA;OFF-BI-4807;Office Supplies;Binders;Ibico Binder Covers, Clear;SkyWay Trading;$36,29;7;0,2;$12,70;1,99;Online;Mobile;Wallet;S-034302
76352;WEB-76352;20.12.2025;06.10.2025;AS-100451404;Aaron;Smayling;1-841-357-2499;Corporate;91104.0;Pasadena;California;United States;Western US;USCA;OFF-ST-4097;Office Supplies;Storage;Eldon Shelving, Wire Frame;GlobalSupply Ltd;$171,29;3;0,2;-$6,42;12,65;Online;Tablet;Card;S-035268
76467;WEB-76467;08.01.2026;19.12.2025;AH-100301406;Aaron;Hawkins;1-917-406-1401;Corporate;19134.0;Philadelphia;Pennsylvania;United States;Eastern US;USCA;FUR-CH-5395;Furniture;Chairs;Novimex Rocking Chair, Black;WestLine Imports;$18,70;7;0,2;$2,34;1,13;Online;Mobile;Wallet;S-035383
76554;WEB-76554;18.05.2024;17.03.2024;AH-100301408;Aaron;Hawkins;1-917-406-1401;Corporate;39503.0;Gulfport;Mississippi;United States;Southern US;USCA;FUR-BO-4859;Furniture;Bookcases;Ikea Floating Shelf Set, Traditional;AsiaTrade Group;$86,45;7;0;$38,04;5,73;Online;Mobile;Wallet;S-035470
77575;WEB-77575;20.09.2022;22.07.2022;AS-100451406;Aaron;Smayling;1-841-357-2499;Corporate;10035.0;New York City;New York;United States;Eastern US;USCA;OFF-EN-4431;Office Supplies;Envelopes;GlobeWeis Business Envelopes, Recycled;Pacific Traders;$65,78;11;0;$32,23;4,36;Online;Desktop;Wallet;S-036491
78196;WEB-78196;09.08.2022;12.05.2022;AH-100301404;Aaron;Hawkins;1-917-406-1401;Corporate;90004.0;Los Angeles;California;United States;Western US;USCA;OFF-LA-4662;Office Supplies;Labels;Hon Legal Exhibit Labels, 5000 Label Set;AsiaTrade Group;$279,46;6;0,2;$20,96;11,69;Online;Desktop;Wallet;S-037112
